id_hogar,region,area,miembros,edad_jefe,educ_jefe,empleo_jefe,vivienda_propia,internet,transferencias,ingreso_pc,pobre
1,Costa,Urbana,2,35,Secundaria,Formal,No,No,110.46284927765649,978.87,No pobre
2,Sierra,Urbana,2,42,Superior,Formal,Sí,Sí,23.29459387434792,1053.66,No pobre
3,Costa,Urbana,2,33,Primaria,Informal,Sí,No,210.27758206919623,450.81,No pobre
4,Amazonia,Rural,4,55,Primaria,Formal,No,Sí,49.004129402706525,444.77,No pobre
5,Amazonia,Rural,4,62,Secundaria,Informal,Sí,No,58.903691843614034,380.5,No pobre
6,Costa,Urbana,4,76,Secundaria,Formal,No,No,4.507354392155678,821.38,No pobre
7,Sierra,Rural,4,51,Secundaria,Informal,Sí,Sí,49.15344669778573,663.3,No pobre
8,Amazonia,Urbana,2,34,Primaria,Inactivo,Sí,Sí,221.21400236908548,278.43,Pobre
9,Sierra,Urbana,1,60,Primaria,Desempleado,No,Sí,102.7583116461088,211.17,Pobre
10,Costa,Urbana,3,59,Secundaria,Informal,Sí,No,49.32678251538446,626.04,No pobre
11,Amazonia,Urbana,6,43,Secundaria,Formal,Sí,No,92.99623144726674,748.72,No pobre
12,Costa,Urbana,3,24,Superior,Formal,No,No,90.64701665558596,1183.28,No pobre
13,Sierra,Urbana,4,NA,Primaria,Inactivo,No,No,45.341436884191424,274.92,Pobre
14,Sierra,Urbana,4,62,Superior,Inactivo,No,Sí,78.85816098387207,827.2,No pobre
15,Costa,Urbana,9,42,Superior,Formal,Sí,No,17.392490042452778,898.21,No pobre
16,Amazonia,Rural,2,54,Superior,Desempleado,Sí,Sí,36.38894996649174,481.1,No pobre
17,Costa,Urbana,5,42,Secundaria,Formal,Sí,NA,172.36017503164547,838.61,No pobre
18,Costa,Urbana,3,56,Secundaria,Informal,No,Sí,122.13654421537315,678.44,No pobre
19,Costa,Urbana,3,44,Superior,Formal,No,No,26.222895291366104,1240.24,No pobre
20,Amazonia,Urbana,1,41,Primaria,Desempleado,No,Sí,75.56337482200779,32.97,Pobre
21,Amazonia,Urbana,10,48,Superior,Inactivo,Sí,No,70.1863834404163,451.95,No pobre
22,Sierra,Rural,4,42,Superior,Informal,No,No,81.80033145236054,781.59,No pobre
23,Sierra,Urbana,10,38,Primaria,Informal,Sí,No,31.283548993594113,65.25,Pobre
24,Insular,Urbana,2,42,Secundaria,Informal,Sí,No,50.180794537970584,925.07,No pobre
25,Sierra,Rural,2,46,Primaria,Informal,Sí,Sí,141.14152299916293,361.71,No pobre
26,Sierra,Urbana,3,49,Secundaria,Desempleado,No,Sí,63.14701904626834,486.86,No pobre
27,Sierra,Urbana,5,67,Secundaria,Inactivo,Sí,Sí,23.03648683671223,452.77,No pobre
28,Sierra,Urbana,4,27,Superior,Formal,No,Sí,97.30304632767849,1003,No pobre
29,Costa,Urbana,3,43,Primaria,Formal,Sí,Sí,58.07049812769468,654.47,No pobre
30,Costa,Urbana,5,55,Primaria,Informal,Sí,No,59.24414257465809,472.25,No pobre
31,Amazonia,Urbana,4,71,Secundaria,Desempleado,No,No,137.08679675157802,400.97,No pobre
32,Amazonia,Urbana,4,52,Primaria,Informal,Sí,No,148.07676811012007,260.1,Pobre
33,Sierra,Urbana,4,46,Primaria,Formal,No,Sí,27.260937732010433,414.01,No pobre
34,Sierra,Urbana,3,42,Secundaria,Formal,Sí,Sí,101.8123158483773,763.67,No pobre
35,Costa,Urbana,2,52,Secundaria,Desempleado,No,NA,65.63143404929572,565.73,No pobre
36,Sierra,Urbana,5,60,Superior,Formal,No,No,22.08202410060104,1031.52,No pobre
37,Sierra,Urbana,4,43,Primaria,Formal,Sí,No,21.115183322130147,410.58,No pobre
38,Costa,Urbana,7,48,Secundaria,Informal,No,Sí,11.36135683448852,452.59,No pobre
39,Costa,Urbana,7,49,Primaria,Informal,Sí,Sí,13.993228039232967,245.18,Pobre
40,Costa,Urbana,5,56,Superior,Inactivo,No,No,57.23983458265353,826.44,No pobre
41,Costa,Rural,4,62,Superior,Inactivo,Sí,No,67.48829620838212,855.74,No pobre
42,Costa,Rural,2,50,Secundaria,Inactivo,Sí,No,35.46356753506033,643.12,No pobre
43,Costa,Urbana,4,45,Superior,Informal,No,Sí,69.89767175644108,902.85,No pobre
44,Costa,Urbana,5,66,Superior,Informal,Sí,Sí,108.58258488198184,1046.71,No pobre
45,Costa,Urbana,7,48,Secundaria,Desempleado,Sí,No,9.263279470581024,164.31,Pobre
46,Costa,Urbana,6,68,Superior,Formal,No,Sí,196.63702437412843,1275.82,No pobre
47,Costa,Urbana,6,45,Superior,Formal,No,Sí,142.06253967817952,993.46,No pobre
48,Sierra,Urbana,3,55,Primaria,Informal,Sí,Sí,283.52998925692054,424.93,No pobre
49,Costa,Rural,1,24,Secundaria,Informal,Sí,NA,101.90753605570778,381.81,No pobre
50,Sierra,Rural,4,44,Superior,Informal,No,No,20.578648562839252,798,No pobre
51,Costa,Rural,4,46,Secundaria,Informal,Sí,No,47.988656530479894,388.99,No pobre
52,Costa,Rural,2,35,Secundaria,Formal,Sí,Sí,71.75058143805623,730.82,No pobre
53,Sierra,Rural,7,31,Superior,Informal,Sí,No,77.13252603331861,614.8,No pobre
54,Costa,Urbana,2,59,Superior,Informal,Sí,No,44.5721607311522,1023.7,No pobre
55,Sierra,Urbana,7,59,Secundaria,Informal,Sí,Sí,147.5232014580572,663.89,No pobre
56,Costa,Urbana,2,28,Secundaria,Informal,Sí,Sí,86.41931007207074,652.71,No pobre
57,Costa,Urbana,5,52,Primaria,Formal,Sí,Sí,84.71093059093737,548.1,No pobre
58,Sierra,Urbana,5,30,Superior,Informal,Sí,No,117.00496468829279,718.73,No pobre
59,Amazonia,Urbana,5,31,Secundaria,Formal,No,Sí,89.74232727101514,729.4,No pobre
60,Costa,Rural,5,53,Primaria,Desempleado,Sí,No,12.266033786363506,30,Pobre
61,Sierra,Rural,2,36,Secundaria,Informal,No,Sí,17.8266234336586,650.03,No pobre
62,Costa,Urbana,6,60,Superior,Desempleado,Sí,Sí,31.827035595420163,435.98,No pobre
63,Costa,Urbana,4,47,Primaria,Informal,Sí,No,40.873681966986815,201.88,Pobre
64,Costa,Urbana,6,54,Secundaria,Formal,Sí,Sí,92.18905210985481,995.64,No pobre
65,Sierra,Urbana,2,39,Secundaria,Informal,No,Sí,113.77825237906372,539.82,No pobre
66,Costa,Rural,1,30,Superior,Informal,Sí,NA,19.482099452962917,812.09,No pobre
67,Sierra,Urbana,3,59,Secundaria,Informal,Sí,Sí,17.269485473561907,476.68,No pobre
68,Sierra,Urbana,3,49,Secundaria,Informal,No,Sí,91.13449706485966,706.7,No pobre
69,Sierra,Rural,6,43,Primaria,Inactivo,No,Sí,32.49296070244824,30,Pobre
70,Costa,Urbana,7,47,Primaria,Informal,Sí,Sí,79.83147383101725,138.7,Pobre
71,Sierra,Rural,2,65,Primaria,Formal,Sí,Sí,270.7475218416586,536.06,No pobre
72,Sierra,Rural,6,36,Primaria,Informal,Sí,Sí,25.24934903407494,81.52,Pobre
73,Sierra,Rural,4,36,Primaria,Informal,Sí,No,8.568098675921386,248.35,Pobre
74,Costa,Rural,3,37,Superior,Formal,No,No,18.1704801127188,915.54,No pobre
75,Sierra,Urbana,5,24,Secundaria,Informal,No,Sí,130.1733804573768,466.64,No pobre
76,Costa,Urbana,5,NA,Secundaria,Informal,Sí,Sí,77.85038743633659,619.18,No pobre
77,Costa,Urbana,4,49,Superior,NA,Sí,Sí,17.65522213307522,559.66,No pobre
78,Sierra,Urbana,3,49,Primaria,Informal,No,Sí,281.21615922692746,443.4,No pobre
79,Costa,Urbana,7,45,Superior,Formal,Sí,No,21.42038928526861,716.92,No pobre
80,Costa,Urbana,1,39,Secundaria,Informal,Sí,Sí,160.80227135981693,742.04,No pobre
81,Costa,Urbana,2,34,Secundaria,Formal,Sí,No,39.19222810675456,744.79,No pobre
82,Sierra,Urbana,5,58,Primaria,Desempleado,Sí,Sí,263.835324870308,278.08,Pobre
83,Costa,Urbana,5,26,Superior,Formal,No,Sí,24.421149133800995,1206.81,No pobre
84,Sierra,Urbana,2,52,Primaria,Inactivo,No,Sí,244.24439356608735,501.86,No pobre
85,Costa,Rural,4,35,Secundaria,Formal,Sí,No,5.396411926577543,636.18,No pobre
86,Costa,Urbana,4,50,Secundaria,Formal,Sí,No,51.7263781336172,926.27,No pobre
87,Insular,Urbana,3,36,Secundaria,Inactivo,Sí,No,41.712166304842526,717.61,No pobre
88,Amazonia,Urbana,9,39,Primaria,NA,Sí,Sí,104.43081300557704,431.86,No pobre
89,Amazonia,Rural,5,71,Secundaria,Inactivo,Sí,Sí,60.850389637620594,487.57,No pobre
90,Costa,Urbana,3,55,Primaria,Formal,Sí,No,27.5695679945826,565.31,No pobre
91,Costa,Rural,2,18,Secundaria,Informal,No,Sí,48.40537663597508,639.9,No pobre
92,Sierra,Urbana,3,48,Primaria,Formal,Sí,Sí,50.971485798216776,604.28,No pobre
93,Costa,Urbana,2,40,Superior,Informal,No,No,31.731584588647756,732.35,No pobre
94,Sierra,Urbana,1,30,Primaria,Formal,No,No,NA,585.16,No pobre
95,Costa,Rural,3,49,Primaria,Formal,No,Sí,66.99703470344964,544.26,No pobre
96,Costa,Rural,5,48,Secundaria,Informal,Sí,Sí,21.190023936713448,390.79,No pobre
97,Sierra,Rural,7,41,Primaria,Formal,No,Sí,144.2629417439387,494.79,No pobre
98,Costa,Urbana,3,74,Primaria,Informal,No,Sí,111.04651608800393,626.68,No pobre
99,Sierra,Urbana,4,18,Secundaria,Informal,Sí,Sí,77.89577184806588,767.15,No pobre
100,Sierra,Urbana,2,58,Secundaria,Informal,Sí,No,29.5168656220929,951.04,No pobre
101,Sierra,Rural,4,42,Primaria,Informal,No,Sí,13.226049464964055,209.67,Pobre
102,Costa,Rural,3,55,Primaria,Informal,No,No,14.043529205220928,324.04,No pobre
103,Sierra,Urbana,4,40,Primaria,Inactivo,No,Sí,98.531348709304865,294.6,Pobre
104,Amazonia,Rural,7,38,Secundaria,Formal,No,Sí,156.90767317357037,485.12,No pobre
105,Sierra,Rural,5,22,Primaria,Formal,Sí,Sí,129.35063732900258,621.89,No pobre
106,Amazonia,Urbana,5,43,Secundaria,Formal,Sí,Sí,78.41942372924024,695.56,No pobre
107,Amazonia,Urbana,2,81,Secundaria,Informal,Sí,No,49.206312785312065,694.33,No pobre
108,Sierra,Rural,3,60,Primaria,Inactivo,Sí,No,167.20092368249556,145.84,Pobre
109,Costa,Rural,6,69,Superior,Formal,Sí,Sí,105.71676833568338,1106.01,No pobre
110,Costa,Urbana,6,59,Primaria,Inactivo,Sí,No,132.47909379074989,179.54,Pobre
111,Amazonia,Urbana,5,62,Secundaria,Formal,Sí,Sí,56.99500992597938,746.04,No pobre
112,Costa,Rural,3,59,Secundaria,Formal,Sí,No,130.9909675276473,888.7,No pobre
113,Costa,Urbana,3,53,Superior,Formal,Sí,Sí,81.01278068511193,1302.64,No pobre
114,Amazonia,Urbana,4,38,Secundaria,Formal,Sí,Sí,NA,879.72,No pobre
115,Sierra,Urbana,4,39,Secundaria,Desempleado,Sí,Sí,30.84711666243141,447.4,No pobre
116,Costa,Urbana,3,24,Primaria,Informal,Sí,Sí,72.96600815598168,351.77,No pobre
117,Sierra,Urbana,5,46,Primaria,Informal,Sí,Sí,122.47433699259061,393.34,No pobre
118,Amazonia,Rural,1,59,Superior,Formal,Sí,No,42.25286262792218,1151.19,No pobre
119,Sierra,Urbana,5,60,Primaria,Informal,Sí,No,34.05666791069642,366.68,No pobre
120,Costa,Urbana,6,47,Secundaria,Formal,Sí,No,11.940070975554821,675.84,No pobre
121,Sierra,Urbana,7,38,Secundaria,Formal,Sí,NA,139.24795907785577,915.26,No pobre
122,Costa,Urbana,5,85,Superior,Formal,Sí,Sí,71.68874523612071,1173.47,No pobre
123,Costa,Rural,3,56,Superior,Informal,Sí,Sí,189.48782256944455,1006.25,No pobre
124,Costa,Urbana,3,66,Secundaria,Informal,Sí,Sí,183.6444741026602,852.37,No pobre
125,Costa,Urbana,6,41,Primaria,Formal,No,No,54.57907253367566,361.54,No pobre
126,Insular,Urbana,1,45,Primaria,Inactivo,Sí,No,185.74171639541154,524.21,No pobre
127,Costa,Rural,6,52,Primaria,Informal,Sí,Sí,240.40454955397163,316.64,No pobre
128,Costa,Urbana,4,69,Superior,Informal,No,No,167.283947560021,1184.05,No pobre
129,Costa,Urbana,4,42,Primaria,Desempleado,Sí,No,74.88686142086718,108.55,Pobre
130,Sierra,Urbana,7,58,Superior,Formal,Sí,Sí,108.8128074419617,873.66,No pobre
131,Sierra,Urbana,2,18,Primaria,Informal,No,Sí,82.63585360868854,238.77,Pobre
132,Amazonia,Rural,3,NA,Secundaria,NA,Sí,Sí,109.81782347634004,421.08,No pobre
133,Sierra,Rural,2,28,Primaria,Desempleado,Sí,Sí,83.55279146861136,81.79,Pobre
134,Sierra,Urbana,2,62,Secundaria,Formal,No,No,NA,837.99,No pobre
135,Sierra,Rural,5,44,Superior,Inactivo,No,NA,14.8693556764583,692.23,No pobre
136,Sierra,Rural,4,41,Primaria,Inactivo,No,Sí,18.850355402712164,30,Pobre
137,Sierra,Urbana,4,65,Secundaria,Inactivo,No,No,31.1779643905053,392.65,No pobre
138,Sierra,Urbana,5,62,Superior,Formal,Sí,Sí,25.188484950148972,867.51,No pobre
139,Amazonia,Urbana,7,33,Primaria,Formal,No,Sí,33.71495145602821,444.47,No pobre
140,Costa,Urbana,4,52,Secundaria,Formal,Sí,Sí,151.53096211188978,1008.32,No pobre
141,Costa,Rural,5,29,Primaria,Informal,Sí,Sí,18.71088278832883,37.78,Pobre
142,Costa,Urbana,2,39,Secundaria,Formal,No,Sí,11.120327146265916,716.11,No pobre
143,Costa,Urbana,3,69,Primaria,Inactivo,Sí,Sí,25.5885934197401,401.34,No pobre
144,Costa,Rural,2,66,Secundaria,Inactivo,Sí,No,34.098622688724625,695.25,No pobre
145,Sierra,Urbana,2,62,Secundaria,Informal,No,No,129.71293038476549,664.72,No pobre
146,Costa,Urbana,2,38,Secundaria,Informal,No,No,88.61274882124646,521.73,No pobre
147,Costa,Urbana,3,20,Primaria,Inactivo,No,No,117.76395635255822,268.74,Pobre
148,Costa,Urbana,3,NA,Secundaria,Informal,No,Sí,225.30122272458206,906.33,No pobre
149,Costa,Urbana,4,59,Secundaria,NA,No,No,58.43654638967312,762.36,No pobre
150,Sierra,Urbana,5,42,Secundaria,Formal,Sí,No,117.51550963632127,651.18,No pobre
151,Sierra,Rural,3,18,Superior,Inactivo,No,No,152.28964665681198,780.98,No pobre
152,Sierra,Urbana,7,43,Secundaria,Informal,Sí,No,154.1504268112992,494.29,No pobre
153,Costa,Rural,5,NA,Secundaria,Informal,Sí,Sí,315.290845048297,611.44,No pobre
154,Costa,Rural,2,55,Primaria,Inactivo,Sí,No,71.93360886210277,236.51,Pobre
155,Costa,Urbana,3,35,Superior,Informal,Sí,Sí,58.33552624052756,846.02,No pobre
156,Costa,Urbana,3,24,Secundaria,Inactivo,Sí,Sí,69.97025593866252,542.08,No pobre
157,Sierra,Urbana,4,34,Primaria,Formal,No,Sí,129.5927277727333,716.41,No pobre
158,Costa,Rural,6,46,Secundaria,Informal,Sí,Sí,122.52061632818403,398.62,No pobre
159,Costa,Urbana,3,58,Primaria,Formal,No,No,73.41810524930483,451.34,No pobre
160,Costa,Urbana,3,19,Primaria,Informal,Sí,NA,83.71349317584706,542.47,No pobre
161,Sierra,Urbana,8,60,Superior,Inactivo,Sí,Sí,121.81171025243411,833.85,No pobre
162,Costa,Urbana,2,46,Secundaria,Inactivo,Sí,Sí,2.7041273570941735,487.38,No pobre
163,Sierra,Urbana,4,54,Primaria,Formal,Sí,Sí,85.19059377389046,696.82,No pobre
164,Costa,Urbana,5,23,Primaria,Desempleado,No,Sí,16.28077307429645,30,Pobre
165,Costa,Urbana,4,37,Primaria,Formal,No,No,192.5547791073742,497.31,No pobre
166,Sierra,Urbana,10,40,Secundaria,Inactivo,Sí,Sí,68.56214285240175,218.05,Pobre
167,Sierra,Rural,1,61,Primaria,Inactivo,No,No,24.09249801317143,352.19,No pobre
168,Costa,Urbana,9,60,Primaria,Informal,Sí,No,43.77129704717267,317.09,No pobre
169,Costa,Urbana,5,52,Primaria,Informal,Sí,Sí,13.40590114565381,388.36,No pobre
170,Costa,Rural,4,NA,Primaria,Informal,Sí,Sí,NA,398.16,No pobre
171,Sierra,Urbana,2,39,Secundaria,Inactivo,Sí,Sí,96.29202779982758,597.93,No pobre
172,Costa,Urbana,4,60,Secundaria,Formal,Sí,Sí,59.42101223652566,873.47,No pobre
173,Sierra,Urbana,2,45,Secundaria,Informal,Sí,Sí,119.28695505990551,670.55,No pobre
174,Sierra,Rural,4,37,Secundaria,Inactivo,Sí,No,8.319471926896377,414.99,No pobre
175,Sierra,Urbana,6,59,Secundaria,Formal,No,No,31.93499694896928,789.92,No pobre
176,Sierra,Urbana,2,65,Primaria,Formal,No,No,86.1590882566157,934.96,No pobre
177,Costa,Rural,3,58,Secundaria,Informal,No,Sí,32.79134987197608,621.95,No pobre
178,Sierra,Urbana,6,39,Secundaria,Informal,Sí,Sí,NA,530.78,No pobre
179,Sierra,Urbana,1,39,Primaria,Formal,Sí,No,126.75894771396356,853.14,No pobre
180,Sierra,Urbana,5,65,Secundaria,Desempleado,Sí,No,131.35237955530167,250.37,Pobre
181,Sierra,Urbana,7,51,Secundaria,Informal,Sí,Sí,173.76036929379154,691.26,No pobre
182,Costa,Urbana,5,58,Primaria,Formal,Sí,NA,51.64300393323068,414.39,No pobre
183,Sierra,Urbana,1,41,Secundaria,Formal,Sí,Sí,98.8652390805244,1060.25,No pobre
184,Costa,Rural,4,64,Secundaria,Formal,No,No,25.283728766665032,813.9,No pobre
185,Sierra,Rural,5,35,Superior,Informal,Sí,No,46.60841694131492,727.65,No pobre
186,Sierra,Urbana,1,55,Superior,Inactivo,Sí,No,19.279000514625046,564.35,No pobre
187,Costa,Urbana,6,35,Primaria,Informal,Sí,Sí,2.660841142280289,124.82,Pobre
188,Sierra,Rural,5,18,Secundaria,Formal,Sí,Sí,59.05495448225794,860.33,No pobre
189,Amazonia,Rural,3,27,Superior,Informal,No,No,50.13883973388282,664.79,No pobre
190,Amazonia,Urbana,5,48,Primaria,Desempleado,No,Sí,23.71586095581845,30,Pobre
191,Costa,Urbana,5,58,Superior,Formal,No,No,23.177026485129577,981.73,No pobre
192,Costa,Urbana,2,21,Secundaria,Formal,Sí,No,22.954682601757582,803.54,No pobre
193,Insular,Urbana,5,28,Secundaria,Informal,Sí,Sí,109.08948738064753,953.46,No pobre
194,Sierra,Rural,7,71,Primaria,Formal,No,Sí,294.29313523841085,523.66,No pobre
195,Amazonia,Urbana,6,40,Secundaria,Informal,No,NA,116.37492389701548,725.21,No pobre
196,Sierra,Urbana,5,53,Primaria,Informal,Sí,Sí,45.10037025944591,373.42,No pobre
197,Costa,Rural,5,39,Secundaria,Inactivo,Sí,Sí,72.84684419222798,207.57,Pobre
198,Sierra,Urbana,4,42,Superior,Formal,No,No,84.21021016099213,1058.21,No pobre
199,Costa,Rural,3,47,Primaria,Desempleado,No,Sí,25.799829630255758,30,Pobre
200,Sierra,Urbana,2,46,Superior,Inactivo,Sí,No,217.89529028180235,921.05,No pobre
201,Costa,Rural,6,43,Superior,Inactivo,Sí,No,NA,520.41,No pobre
202,Amazonia,Rural,5,39,Secundaria,Formal,Sí,Sí,NA,563.4,No pobre
203,Sierra,Urbana,5,18,Secundaria,Informal,No,No,34.97586174750403,741.44,No pobre
204,Sierra,Rural,1,72,Secundaria,Formal,No,No,196.25826915566356,809.14,No pobre
205,Costa,Urbana,2,71,Secundaria,Inactivo,Sí,Sí,25.033797782038306,434.66,No pobre
206,Amazonia,Rural,4,31,Primaria,Informal,No,Sí,61.16831755135357,90.23,Pobre
207,Costa,Urbana,2,44,Superior,Informal,Sí,No,116.72788802898656,918.09,No pobre
208,Costa,Urbana,5,65,Superior,Formal,No,NA,13.145346384026192,873.08,No pobre
209,Costa,Rural,4,60,Secundaria,Formal,No,Sí,6.870407160851873,823.32,No pobre
210,Costa,Urbana,3,64,Primaria,Desempleado,Sí,Sí,36.4166068188386,115.76,Pobre
211,Sierra,Urbana,3,31,Superior,Inactivo,No,Sí,344.1976424675987,808.7,No pobre
212,Costa,Rural,5,82,Secundaria,Inactivo,Sí,Sí,245.52006113157728,420.96,No pobre
213,Costa,Urbana,2,30,Primaria,Formal,Sí,No,100.79286499001913,728.79,No pobre
214,Sierra,Urbana,2,57,Primaria,Desempleado,Sí,No,156.22053646871842,385.29,No pobre
215,Costa,Urbana,4,48,Secundaria,Formal,Sí,Sí,20.530768657647993,832.64,No pobre
216,Sierra,Rural,2,40,Primaria,Desempleado,No,Sí,262.63996226032253,297.27,Pobre
217,Costa,Urbana,2,41,Primaria,Formal,No,Sí,38.20870381726204,568.18,No pobre
218,Costa,Rural,4,32,Primaria,Inactivo,Sí,Sí,92.25248944786843,84.99,Pobre
219,Sierra,Urbana,4,69,Primaria,Formal,Sí,NA,71.9747191212379,654.6,No pobre
220,Amazonia,Rural,3,47,Superior,Inactivo,No,No,103.4940670541118,644.34,No pobre
221,Costa,Urbana,3,50,Secundaria,Formal,Sí,Sí,124.12363210572155,729.98,No pobre
222,Amazonia,Urbana,4,49,Primaria,Informal,Sí,Sí,6.71468071224219,414.65,No pobre
223,Sierra,Urbana,6,41,Primaria,Informal,No,Sí,117.71546647538972,238.44,Pobre
224,Sierra,Rural,2,30,Primaria,Desempleado,Sí,No,37.6717445532352,30,Pobre
225,Costa,Rural,9,50,Secundaria,Formal,Sí,No,171.22304760539313,613.4,No pobre
226,Costa,Urbana,1,18,Primaria,Formal,No,Sí,153.7754952452396,545.35,No pobre
227,Sierra,Urbana,2,26,Secundaria,Formal,Sí,Sí,53.46821683093651,932.82,No pobre
228,Sierra,Urbana,3,31,Primaria,Desempleado,Sí,Sí,53.43869593814409,98.91,Pobre
229,Sierra,Rural,6,31,Primaria,Formal,Sí,No,123.6269878353835,401,No pobre
230,Amazonia,Urbana,2,48,Secundaria,Informal,Sí,Sí,26.24312334784582,563.28,No pobre
231,Sierra,Urbana,5,68,Primaria,Informal,Sí,Sí,36.99971372753759,412.71,No pobre
232,Costa,Urbana,6,25,Primaria,Formal,Sí,Sí,17.954515425402683,491.46,No pobre
233,Sierra,Urbana,4,52,Superior,Informal,No,Sí,53.214625113415515,957.21,No pobre
234,Costa,Urbana,5,59,Secundaria,Formal,Sí,No,201.22791283497642,816.88,No pobre
235,Costa,Urbana,3,32,Secundaria,Informal,No,No,15.068851556237057,786.72,No pobre
236,Costa,Urbana,4,45,Secundaria,Desempleado,No,Sí,52.69014468287413,391.74,No pobre
237,Costa,Urbana,7,58,Primaria,Informal,No,Sí,212.3836266623556,201.09,Pobre
238,Sierra,Rural,3,42,Primaria,Informal,No,Sí,93.21097002905914,235.78,Pobre
239,Costa,Rural,1,43,Secundaria,Formal,Sí,Sí,80.08552504887335,925.44,No pobre
240,Sierra,Urbana,8,50,Secundaria,Formal,Sí,No,18.53723071922986,508.03,No pobre
241,Sierra,Urbana,3,45,Superior,Informal,Sí,Sí,136.56685012228638,681.93,No pobre
242,Sierra,Urbana,5,38,Secundaria,Informal,Sí,No,32.58276172524705,518.68,No pobre
243,Costa,Urbana,2,44,Primaria,Formal,Sí,Sí,26.892169571261668,695.95,No pobre
244,Sierra,Urbana,8,72,Primaria,NA,Sí,Sí,15.616808194260216,541.63,No pobre
245,Costa,Rural,7,58,Superior,Formal,Sí,No,204.6170857031377,751.57,No pobre
246,Sierra,Urbana,6,33,Primaria,NA,Sí,No,222.83762926862855,624.57,No pobre
247,Costa,Urbana,4,29,Secundaria,Informal,No,Sí,2.814686442282266,515.9,No pobre
248,Amazonia,Urbana,5,41,Primaria,Formal,Sí,Sí,89.55018257020578,350.74,No pobre
249,Amazonia,Urbana,3,65,Primaria,Formal,No,Sí,36.704887689905334,486.88,No pobre
250,Sierra,Rural,3,50,Primaria,Informal,Sí,No,49.55114894622704,294.95,Pobre
251,Costa,Rural,11,36,Primaria,Formal,Sí,Sí,49.44118995080155,197.56,Pobre
252,Costa,Urbana,8,58,Primaria,Inactivo,No,No,211.41825913732075,164.86,Pobre
253,Sierra,Urbana,4,44,Superior,Formal,No,Sí,169.38736545587096,973.85,No pobre
254,Costa,Urbana,5,30,Secundaria,Formal,No,Sí,16.96322579006227,773.21,No pobre
255,Sierra,Urbana,3,52,Secundaria,Formal,Sí,Sí,NA,925.1,No pobre
256,Sierra,Rural,3,67,Primaria,Informal,No,Sí,58.941384173562795,370.68,No pobre
257,Costa,Urbana,4,52,Superior,Informal,Sí,No,89.48730097265522,843.95,No pobre
258,Costa,Urbana,3,49,Primaria,Informal,Sí,No,21.65435820835437,431.81,No pobre
259,Sierra,Rural,2,37,Secundaria,Informal,Sí,NA,23.073490674535233,385.27,No pobre
260,Sierra,Urbana,8,54,Primaria,NA,No,Sí,99.8284356182223,356.63,No pobre
261,Amazonia,Urbana,5,31,Secundaria,Informal,No,No,63.02532664872954,302.33,Pobre
262,Amazonia,Urbana,6,23,Secundaria,Informal,No,Sí,61.5511036217215,326.35,No pobre
263,Sierra,Urbana,4,45,Primaria,Formal,No,Sí,40.25170723098207,502.85,No pobre
264,Amazonia,Urbana,2,46,Secundaria,Formal,Sí,No,314.27732551607534,1197.02,No pobre
265,Sierra,Rural,5,79,Secundaria,Informal,Sí,No,181.02438270000414,612.61,No pobre
266,Sierra,Urbana,1,29,Secundaria,Formal,Sí,Sí,63.99702791070662,868.03,No pobre
267,Costa,Urbana,2,48,Secundaria,Informal,No,No,37.244280722156,635.81,No pobre
268,Costa,Rural,6,57,Secundaria,Informal,Sí,Sí,110.64145855744482,422.47,No pobre
269,Costa,Urbana,2,61,Superior,Informal,Sí,Sí,NA,876.92,No pobre
270,Sierra,Rural,3,46,Secundaria,Formal,Sí,No,18.526011551160273,868.34,No pobre
271,Sierra,Urbana,3,36,Superior,Informal,Sí,No,63.0401170120028,985.96,No pobre
272,Costa,Rural,3,45,Primaria,Formal,No,Sí,139.69978200129347,528.09,No pobre
273,Costa,Urbana,3,73,Superior,Informal,No,No,58.47272984168259,949.36,No pobre
274,Costa,Urbana,1,53,Secundaria,Inactivo,Sí,Sí,36.91720339840632,624.62,No pobre
275,Sierra,Rural,6,18,Secundaria,Informal,No,Sí,58.516040250344716,346.69,No pobre
276,Sierra,Urbana,7,66,Secundaria,Formal,No,No,31.190462779847334,696.95,No pobre
277,Amazonia,Rural,7,54,Primaria,Informal,Sí,Sí,22.262032080148344,87.8,Pobre
278,Sierra,Urbana,4,46,Secundaria,Informal,Sí,NA,28.322427535285296,732.71,No pobre
279,Costa,Urbana,4,46,Primaria,Formal,No,No,42.69817700312464,585.05,No pobre
280,Sierra,Urbana,2,44,Secundaria,Formal,Sí,No,63.77726003715441,979.04,No pobre
281,Sierra,Urbana,3,50,Secundaria,Informal,Sí,Sí,49.78110842784796,862.5,No pobre
282,Costa,Rural,6,39,Secundaria,Formal,Sí,No,94.08868610120427,605.46,No pobre
283,Costa,Urbana,3,50,Primaria,Formal,No,Sí,135.79228060557276,754.95,No pobre
284,Costa,Rural,4,33,Primaria,Informal,No,Sí,17.67772243093473,179.06,Pobre
285,Costa,Urbana,4,49,Secundaria,Formal,Sí,Sí,115.73706971925719,639.22,No pobre
286,Costa,Urbana,2,61,Secundaria,Informal,No,No,114.08290530696955,608.93,No pobre
287,Costa,Rural,4,53,Secundaria,Informal,No,No,246.23332482856756,662.8,No pobre
288,Costa,Urbana,2,60,Secundaria,Informal,Sí,Sí,25.438177719320663,825.95,No pobre
289,Costa,Urbana,4,31,Primaria,Informal,No,Sí,35.511810381963556,367.25,No pobre
290,Sierra,Urbana,4,47,Primaria,Informal,Sí,Sí,1.3620716997270046,402.74,No pobre
291,Costa,Rural,3,55,Secundaria,Desempleado,Sí,Sí,109.47042328636037,619.6,No pobre
292,Costa,Urbana,6,31,Primaria,Informal,No,Sí,135.2937764418439,136.92,Pobre
293,Costa,Urbana,2,68,Primaria,Formal,No,No,111.38039912937255,927.68,No pobre
294,Amazonia,Rural,3,32,Secundaria,Formal,Sí,No,210.7224464739361,839.36,No pobre
295,Sierra,Urbana,6,48,Secundaria,Formal,Sí,Sí,20.25299504434938,776.22,No pobre
296,Sierra,Urbana,3,48,Superior,Formal,Sí,No,23.87931637427834,1021.4,No pobre
297,Insular,Rural,3,48,Primaria,Formal,Sí,Sí,98.24180865291677,738.42,No pobre
298,Costa,Rural,6,43,Primaria,Formal,Sí,No,144.64642285351817,634.23,No pobre
299,Costa,Rural,4,52,Primaria,Formal,Sí,No,129.14357989425088,564.65,No pobre
300,Sierra,Urbana,6,32,Primaria,Desempleado,Sí,Sí,120.80391537716888,232.17,Pobre
301,Sierra,Urbana,4,28,Primaria,Formal,No,Sí,173.64645013751667,641.38,No pobre
302,Costa,Urbana,6,37,Superior,Formal,Sí,No,30.45373098686773,911.79,No pobre
303,Sierra,Urbana,2,45,Secundaria,Informal,No,No,188.964923932941,761.74,No pobre
304,Sierra,Rural,4,64,Secundaria,Informal,No,No,84.03052549250597,697,No pobre
305,Sierra,Rural,5,68,Superior,Informal,No,Sí,44.062127299991566,570.72,No pobre
306,Sierra,Urbana,2,50,Secundaria,Informal,Sí,Sí,0.4833224103163732,691.53,No pobre
307,Costa,Urbana,4,51,Superior,Informal,Sí,Sí,28.94693782650676,891.1,No pobre
308,Costa,Urbana,5,43,Secundaria,Formal,Sí,Sí,77.33385026949495,910.35,No pobre
309,Costa,Rural,7,47,Primaria,Informal,Sí,No,69.13060993932503,30,Pobre
310,Sierra,Urbana,3,26,Primaria,Formal,Sí,Sí,26.13775987889563,494.85,No pobre
311,Costa,Urbana,4,50,Primaria,Informal,Sí,Sí,15.551632149003828,449.56,No pobre
312,Sierra,Urbana,1,39,Primaria,Informal,No,No,224.78135364949597,391.79,No pobre
313,Sierra,Rural,3,51,Primaria,Inactivo,Sí,No,33.06261220523618,324.67,No pobre
314,Costa,Urbana,4,41,Secundaria,Formal,No,Sí,39.865757201230316,699.43,No pobre
315,Costa,Rural,4,37,Primaria,Formal,Sí,No,7.587780994473925,415.43,No pobre
316,Sierra,Urbana,6,43,Secundaria,Formal,No,No,47.473409336323485,862.28,No pobre
317,Sierra,Rural,2,41,Primaria,Informal,Sí,Sí,41.687861122455,459.01,No pobre
318,Costa,Urbana,5,61,Primaria,Formal,No,Sí,83.9537806626065,385.89,No pobre
319,Costa,Urbana,3,49,Primaria,Formal,No,No,120.43021775574228,785.97,No pobre
320,Sierra,Urbana,4,52,Secundaria,Informal,Sí,Sí,242.79176973581357,626.7,No pobre
321,Sierra,Rural,5,29,Primaria,Formal,Sí,Sí,33.104069917118,302.81,Pobre
322,Costa,Urbana,4,67,Superior,Formal,Sí,No,180.63067283183673,1193.85,No pobre
323,Costa,Rural,3,48,Secundaria,Formal,Sí,Sí,48.25541295200746,650.51,No pobre
324,Sierra,Urbana,5,34,Primaria,Inactivo,Sí,Sí,8.626149608138398,30,Pobre
325,Costa,Rural,4,50,Superior,Formal,Sí,Sí,31.17829420145958,815.49,No pobre
326,Costa,Urbana,3,58,Secundaria,Formal,Sí,Sí,33.308669912588876,1051.25,No pobre
327,Insular,Urbana,4,27,Primaria,Informal,No,Sí,166.61549400730632,474.54,No pobre
328,Costa,Urbana,2,70,Primaria,Formal,Sí,Sí,116.93235382976951,574.49,No pobre
329,Costa,Urbana,3,44,Secundaria,Formal,No,Sí,NA,643.62,No pobre
330,Amazonia,Urbana,4,62,Secundaria,Informal,Sí,Sí,91.14810439700508,504.26,No pobre
331,Sierra,Urbana,1,47,Primaria,Informal,No,Sí,66.76916969598359,400.09,No pobre
332,Costa,Urbana,3,41,Primaria,Inactivo,No,Sí,33.16061456506883,127.48,Pobre
333,Sierra,Urbana,4,20,Primaria,Informal,Sí,Sí,134.6849427559714,541.01,No pobre
334,Sierra,Urbana,5,31,Primaria,Formal,No,Sí,41.12050176110815,692.73,No pobre
335,Costa,Urbana,5,45,Superior,Informal,No,Sí,92.91368535903716,920.33,No pobre
336,Sierra,Urbana,2,58,Primaria,Formal,No,No,49.182209995269176,759.99,No pobre
337,Sierra,Rural,2,20,Primaria,Formal,Sí,No,28.319718785226577,488.1,No pobre
338,Sierra,Rural,7,65,Secundaria,Desempleado,No,No,13.570515887511965,364.89,No pobre
339,Sierra,Rural,7,66,Secundaria,Informal,Sí,No,60.56087676706759,534.75,No pobre
340,Amazonia,Urbana,7,30,Secundaria,Informal,Sí,No,44.08040958811475,586.12,No pobre
341,Costa,Urbana,5,53,Primaria,Formal,Sí,Sí,17.155877417633093,525.04,No pobre
342,Costa,Urbana,2,32,Primaria,Inactivo,No,Sí,37.53116307904694,291.72,Pobre
343,Sierra,Urbana,6,44,Secundaria,Informal,Sí,Sí,10.514705541158046,482.78,No pobre
344,Costa,Urbana,7,59,Secundaria,Informal,No,Sí,7.124315425939629,644.28,No pobre
345,Sierra,Urbana,2,58,Secundaria,Informal,No,Sí,153.61558444926837,693.21,No pobre
346,Costa,Rural,2,34,Secundaria,Informal,No,Sí,62.0029732280526,664.6,No pobre
347,Insular,Urbana,4,41,Secundaria,Inactivo,No,No,112.32387086745139,586.21,No pobre
348,Costa,Urbana,3,32,Secundaria,Formal,No,No,4.8608443713649585,688.14,No pobre
349,Costa,Urbana,4,51,Secundaria,Informal,No,No,128.97501253590576,652.8,No pobre
350,Sierra,Urbana,4,24,Secundaria,Informal,Sí,Sí,43.923935529738216,648.97,No pobre
351,Costa,Urbana,5,18,Superior,Informal,No,No,55.97207217353654,714.29,No pobre
352,Amazonia,Urbana,6,67,Secundaria,Inactivo,Sí,No,12.823454689271614,218.59,Pobre
353,Sierra,Urbana,3,78,Secundaria,Formal,Sí,No,98.44089489214122,921.59,No pobre
354,Costa,Urbana,5,40,Secundaria,Desempleado,No,Sí,75.73210191730512,368.8,No pobre
355,Sierra,Urbana,4,57,Secundaria,Formal,Sí,No,NA,796.01,No pobre
356,Insular,Urbana,2,46,Primaria,Informal,No,Sí,193.07411880186618,605.91,No pobre
357,Sierra,Urbana,1,67,Primaria,Inactivo,Sí,No,50.41780852359898,338.31,No pobre
358,Costa,Rural,3,NA,Secundaria,Formal,Sí,Sí,80.71462814473396,875.43,No pobre
359,Costa,Urbana,3,NA,Superior,Desempleado,Sí,Sí,NA,844.27,No pobre
360,Sierra,Urbana,3,21,Superior,Informal,No,Sí,42.36598678756097,749.91,No pobre
361,Costa,Urbana,4,61,Secundaria,Inactivo,Sí,No,70.5354309890226,442.36,No pobre
362,Costa,Urbana,5,41,Primaria,Desempleado,Sí,Sí,64.5366670735598,30,Pobre
363,Amazonia,Rural,3,26,Secundaria,Formal,Sí,Sí,103.2382127441669,759.49,No pobre
364,Costa,Urbana,6,43,Superior,Inactivo,Sí,No,28.301223917616337,646.75,No pobre
365,Costa,Urbana,4,44,Secundaria,Desempleado,Sí,No,54.56058247760859,398.17,No pobre
366,Sierra,Urbana,3,NA,Primaria,NA,Sí,No,133.6777223555789,720.6,No pobre
367,Costa,Urbana,3,30,Secundaria,Informal,Sí,No,115.3312799984886,644.8,No pobre
368,Costa,Urbana,5,38,Superior,Informal,No,Sí,203.5212608241364,786.63,No pobre
369,Costa,Urbana,5,67,Superior,Formal,No,No,8.842234529196192,916.55,No pobre
370,Sierra,Urbana,4,65,Superior,Formal,Sí,Sí,73.10951991198367,1005.94,No pobre
371,Costa,Urbana,6,62,Secundaria,Formal,Sí,Sí,41.10955353329842,719.57,No pobre
372,Costa,Urbana,3,69,Secundaria,Formal,Sí,Sí,31.083658476612513,755.36,No pobre
373,Sierra,Urbana,3,49,Secundaria,Informal,Sí,NA,71.33813521913493,677.82,No pobre
374,Costa,Urbana,4,NA,Secundaria,Formal,No,Sí,212.56639480097286,830.05,No pobre
375,Sierra,Rural,3,54,Secundaria,NA,Sí,Sí,38.24225104221582,588.69,No pobre
376,Amazonia,Rural,3,61,Primaria,Informal,Sí,Sí,34.20710389221794,231.65,Pobre
377,Sierra,Urbana,7,80,Secundaria,Desempleado,Sí,Sí,43.01303114433808,280.09,Pobre
378,Costa,Rural,4,18,Superior,Formal,Sí,Sí,72.43991866846167,980.94,No pobre
379,Costa,Urbana,1,50,Primaria,Informal,Sí,Sí,196.83356532126774,638.88,No pobre
380,Amazonia,Urbana,7,55,Primaria,Informal,Sí,Sí,92.90176764792983,161.67,Pobre
381,Sierra,Urbana,3,45,Superior,Informal,Sí,No,20.400721254289024,988.69,No pobre
382,Sierra,Urbana,1,24,Primaria,Inactivo,Sí,Sí,1.3096446767828436,141.67,Pobre
383,Costa,Rural,8,56,Superior,Informal,Sí,Sí,NA,679.57,No pobre
384,Sierra,Urbana,3,35,Secundaria,Informal,No,Sí,75.18278780210512,430.28,No pobre
385,Sierra,Rural,8,53,Secundaria,Formal,No,No,100.93590686586907,743.9,No pobre
386,Amazonia,Urbana,2,59,Superior,Formal,Sí,Sí,110.90677652751137,1182.41,No pobre
387,Costa,Urbana,4,64,Secundaria,Formal,Sí,No,93.61678468651212,999.61,No pobre
388,Costa,Rural,5,24,Primaria,Inactivo,No,No,43.383710216428916,91.52,Pobre
389,Costa,Urbana,2,61,Secundaria,Formal,Sí,Sí,41.87237202743818,848.92,No pobre
390,Costa,Urbana,5,35,Primaria,Informal,No,No,32.805288069580165,420.17,No pobre
391,Amazonia,Rural,4,28,Primaria,Formal,No,NA,29.38298711314472,339.43,No pobre
392,Costa,Urbana,1,64,Secundaria,Informal,Sí,No,2.3474934569502937,861.84,No pobre
393,Sierra,Urbana,3,62,Secundaria,Inactivo,No,Sí,13.685740280020664,594.2,No pobre
394,Sierra,Urbana,4,43,Secundaria,Informal,No,Sí,51.69065210802441,544.73,No pobre
395,Costa,Urbana,7,57,Primaria,Formal,Sí,Sí,90.93163566283687,397.76,No pobre
396,Costa,Rural,9,34,Primaria,Informal,Sí,Sí,39.654463633859194,30,Pobre
397,Costa,Urbana,3,44,Secundaria,Informal,Sí,Sí,88.19323258839205,487.9,No pobre
398,Costa,Urbana,4,45,Primaria,Inactivo,Sí,Sí,106.62351500940514,427.21,No pobre
399,Costa,Urbana,4,42,Secundaria,Formal,No,Sí,80.37331135264905,687.23,No pobre
400,Insular,Urbana,6,56,Secundaria,NA,Sí,Sí,44.98265665583413,1079.15,No pobre
401,Insular,Urbana,5,68,Secundaria,Informal,Sí,No,30.577404345134795,850.39,No pobre
402,Costa,Urbana,4,40,Primaria,Informal,Sí,Sí,69.20913440958248,194.8,Pobre
403,Amazonia,Urbana,3,46,Secundaria,Formal,Sí,Sí,101.69735300220897,720.22,No pobre
404,Sierra,Urbana,7,69,Superior,Formal,Sí,Sí,105.710662470648,1216,No pobre
405,Costa,Urbana,5,41,Secundaria,Informal,No,No,54.53224125402024,555.44,No pobre
406,Costa,Rural,3,18,Primaria,Informal,Sí,Sí,344.8005619751024,269.47,Pobre
407,Sierra,Urbana,3,53,Primaria,Inactivo,Sí,Sí,15.268187296862253,276.25,Pobre
408,Costa,Rural,5,34,Secundaria,Informal,Sí,Sí,NA,606.04,No pobre
409,Costa,Urbana,5,32,Secundaria,Informal,Sí,Sí,156.21051029327901,720.15,No pobre
410,Sierra,Rural,4,66,Primaria,NA,No,No,107.70160778575686,274.11,Pobre
411,Costa,Rural,6,80,Primaria,Formal,No,Sí,70.76636898951708,548.55,No pobre
412,Sierra,Rural,5,31,Superior,Formal,Sí,No,75.46686617226473,1025.72,No pobre
413,Costa,Urbana,2,60,Primaria,Informal,Sí,Sí,51.58086285572412,337.12,No pobre
414,Sierra,Urbana,1,45,Primaria,Informal,Sí,NA,292.94076081946315,614.15,No pobre
415,Costa,Urbana,6,48,Secundaria,Desempleado,Sí,No,35.86406825482689,264.09,Pobre
416,Costa,Rural,2,63,Secundaria,Formal,Sí,No,77.80703379040894,725.86,No pobre
417,Amazonia,Urbana,3,49,Secundaria,Formal,Sí,Sí,20.857016428104423,585.11,No pobre
418,Costa,Urbana,4,34,Secundaria,Informal,Sí,No,92.88094876740935,499.72,No pobre
419,Sierra,Rural,4,NA,Secundaria,Formal,Sí,No,69.19604198289018,671.21,No pobre
420,Costa,Urbana,3,56,Superior,Formal,Sí,Sí,23.926999709214126,961.74,No pobre
421,Sierra,Rural,4,18,Secundaria,Formal,No,No,79.95849131874493,493.01,No pobre
422,Sierra,Urbana,6,61,Primaria,Inactivo,Sí,Sí,17.584682976409503,190.99,Pobre
423,Sierra,Urbana,3,24,Secundaria,Formal,No,Sí,84.13586223537501,779.64,No pobre
424,Costa,Rural,3,46,Secundaria,Informal,No,Sí,12.72580131760779,603.18,No pobre
425,Amazonia,Urbana,4,43,Secundaria,Formal,Sí,No,62.32481991234992,841.77,No pobre
426,Sierra,Urbana,4,64,Superior,Informal,No,Sí,91.86415694124997,779.85,No pobre
427,Costa,Urbana,2,49,Secundaria,Desempleado,No,No,198.75164684264317,611.85,No pobre
428,Costa,Rural,6,47,Secundaria,Desempleado,Sí,No,16.797348575025406,78.58,Pobre
429,Costa,Rural,4,56,Secundaria,Inactivo,Sí,No,118.81275207336067,357.84,No pobre
430,Sierra,Urbana,5,34,Secundaria,Informal,No,Sí,NA,455.84,No pobre
431,Amazonia,Rural,5,43,Primaria,Formal,Sí,Sí,252.38255404894298,553.41,No pobre
432,Sierra,Urbana,3,62,Primaria,Informal,Sí,Sí,84.71672951559621,260.74,Pobre
433,Costa,Rural,1,56,Superior,Desempleado,Sí,Sí,31.82291673435623,513.84,No pobre
434,Insular,Rural,5,28,Primaria,Inactivo,No,Sí,114.59713553570941,174.29,Pobre
435,Costa,Urbana,2,55,Primaria,Formal,No,Sí,197.17285610298282,865.73,No pobre
436,Sierra,Urbana,4,27,Primaria,Inactivo,Sí,Sí,51.19907361083108,121.25,Pobre
437,Costa,Urbana,2,38,Superior,Formal,No,Sí,49.68958291972634,1036.6,No pobre
438,Sierra,Rural,5,63,Superior,Informal,No,No,20.173512444761602,870.54,No pobre
439,Costa,Urbana,2,18,Secundaria,Inactivo,Sí,No,212.12191927896947,467.75,No pobre
440,Costa,Urbana,5,21,Secundaria,Informal,Sí,Sí,85.98790992923753,600.16,No pobre
441,Costa,Urbana,5,64,Superior,Formal,Sí,Sí,58.70755869837237,1004.84,No pobre
442,Sierra,Urbana,3,NA,Secundaria,Informal,No,Sí,155.81001887162324,986.97,No pobre
443,Sierra,Urbana,2,63,Primaria,Inactivo,Sí,No,32.54113504406418,326.13,No pobre
444,Costa,Urbana,2,44,Superior,Formal,Sí,No,116.08121684934014,1391.76,No pobre
445,Sierra,Rural,1,52,Secundaria,Formal,No,NA,153.87676294114073,854.29,No pobre
446,Sierra,Rural,6,57,Superior,Inactivo,Sí,No,40.10565853059633,369.87,No pobre
447,Sierra,Urbana,3,37,Primaria,Formal,Sí,No,71.60706944946627,496.16,No pobre
448,Costa,Urbana,2,42,Secundaria,Inactivo,No,Sí,47.27245487517399,522.55,No pobre
449,Costa,Urbana,3,40,Secundaria,Formal,No,Sí,50.76242501202517,889.01,No pobre
450,Sierra,Urbana,4,85,Secundaria,Formal,No,Sí,83.91010786247895,773.2,No pobre
451,Sierra,Urbana,5,48,Superior,Informal,Sí,Sí,48.75430579895448,722.7,No pobre
452,Costa,Rural,3,53,Secundaria,Informal,No,No,16.931741945645577,466.78,No pobre
453,Costa,Rural,2,41,Secundaria,Desempleado,Sí,Sí,6.4355515698711345,378.39,No pobre
454,Costa,Urbana,5,43,Superior,Desempleado,No,No,16.601858798243878,557.46,No pobre
455,Costa,Urbana,6,65,Secundaria,Informal,Sí,Sí,133.54244675698322,480,No pobre
456,Amazonia,Rural,8,41,Primaria,Formal,Sí,No,256.92792087932094,244.82,Pobre
457,Sierra,Urbana,5,46,Secundaria,Informal,Sí,No,217.2560746522079,563.06,No pobre
458,Sierra,Rural,3,51,Secundaria,Desempleado,No,Sí,14.31326561950898,293.1,Pobre
459,Costa,Rural,4,40,Secundaria,Inactivo,Sí,Sí,15.733250700732388,348.92,No pobre
460,Costa,Urbana,4,73,Primaria,Formal,No,Sí,101.42527875304621,813.02,No pobre
461,Amazonia,Rural,2,26,Superior,Formal,Sí,Sí,41.25246116244701,1021.58,No pobre
462,Costa,Rural,4,74,Secundaria,Informal,No,No,85.01524155604747,570.74,No pobre
463,Sierra,Rural,8,NA,Superior,Inactivo,Sí,Sí,141.88365672346285,439.33,No pobre
464,Costa,Urbana,3,65,Secundaria,Desempleado,Sí,Sí,60.772827236791784,425.88,No pobre
465,Sierra,Urbana,4,18,Primaria,Informal,Sí,No,100.99006128321533,322.19,No pobre
466,Costa,Rural,3,59,Secundaria,Inactivo,No,Sí,15.995975799479364,412,No pobre
467,Costa,Rural,1,58,Primaria,Formal,Sí,Sí,18.65445585283263,695.83,No pobre
468,Sierra,Urbana,2,28,Secundaria,Formal,No,Sí,66.2835872178984,828.01,No pobre
469,Costa,Urbana,3,35,Primaria,Formal,Sí,No,58.70276612877672,514.29,No pobre
470,Sierra,Urbana,1,49,Superior,Informal,Sí,Sí,83.60234771219092,1063.95,No pobre
471,Costa,Rural,1,62,Primaria,Informal,No,Sí,84.39721827528982,398.3,No pobre
472,Sierra,Urbana,2,35,Secundaria,Informal,No,Sí,110.520300219666,689.9,No pobre
473,Costa,Rural,3,43,Superior,Informal,No,No,108.79987680150333,833.28,No pobre
474,Sierra,Urbana,4,68,Secundaria,Formal,Sí,Sí,174.07480054834974,1033.66,No pobre
475,Sierra,Urbana,3,30,Primaria,Informal,Sí,Sí,102.61352287363621,384.2,No pobre
476,Costa,Rural,4,59,Primaria,Formal,No,Sí,53.5921390110289,488.14,No pobre
477,Sierra,Urbana,5,52,Secundaria,Inactivo,Sí,Sí,62.285878686272206,473.7,No pobre
478,Costa,Rural,2,31,Primaria,Inactivo,No,Sí,80.01631404616818,102.63,Pobre
479,Costa,Rural,6,37,Secundaria,Informal,Sí,Sí,155.90162015574543,504.89,No pobre
480,Sierra,Rural,3,57,Primaria,Formal,No,No,57.04038819466381,590.96,No pobre
481,Costa,Rural,3,49,Secundaria,Formal,No,Sí,70.90056879986435,790.15,No pobre
482,Sierra,Urbana,3,66,Primaria,Informal,Sí,Sí,4.504187871435296,344.7,No pobre
483,Costa,Rural,5,38,Secundaria,Informal,Sí,NA,15.068165887120148,344.09,No pobre
484,Sierra,Rural,3,22,Superior,Informal,Sí,Sí,219.833854932815,810.1,No pobre
485,Amazonia,Rural,7,61,Secundaria,Formal,Sí,No,37.1164040400377,656.09,No pobre
486,Costa,Urbana,2,37,Primaria,Desempleado,No,Sí,99.79950098059106,352.22,No pobre
487,Costa,Rural,3,48,Superior,Informal,Sí,Sí,87.17358536566174,975.96,No pobre
488,Sierra,Urbana,4,70,Primaria,Formal,No,No,59.80114448722834,668.41,No pobre
489,Costa,Urbana,3,42,Secundaria,Informal,No,Sí,17.220320430264096,482.23,No pobre
490,Sierra,Rural,5,68,Primaria,Desempleado,Sí,Sí,83.1084391100727,96.78,Pobre
491,Amazonia,Urbana,5,31,Secundaria,Desempleado,Sí,Sí,26.230866433359708,207.45,Pobre
492,Costa,Urbana,3,59,Superior,Formal,Sí,No,106.24274493276035,1086.63,No pobre
493,Costa,Rural,4,49,Primaria,Inactivo,No,Sí,NA,271.2,Pobre
494,Sierra,Rural,6,36,Primaria,Formal,Sí,No,53.63789912348851,377.81,No pobre
495,Costa,Urbana,5,28,Secundaria,Formal,Sí,Sí,21.95687069574739,678.72,No pobre
496,Insular,Rural,6,47,Secundaria,Formal,Sí,Sí,24.339426000688686,756.96,No pobre
497,Costa,Rural,7,50,Superior,Informal,No,Sí,120.431342492563,626.92,No pobre
498,Costa,Urbana,3,50,Primaria,Formal,Sí,Sí,25.72892242803294,651.53,No pobre
499,Sierra,Urbana,5,54,Secundaria,Inactivo,No,Sí,142.07283398458173,321.01,No pobre
500,Sierra,Urbana,2,40,Primaria,Informal,No,No,87.87323339627612,497.47,No pobre
501,Costa,Rural,6,39,Secundaria,Formal,Sí,No,164.9119179264757,821.81,No pobre
502,Costa,Rural,5,49,Primaria,Inactivo,No,Sí,54.3865721623954,32.48,Pobre
503,Costa,Urbana,5,38,Secundaria,Formal,No,No,33.0816843683786,638.8,No pobre
504,Costa,Urbana,3,63,Secundaria,Informal,No,No,28.1345476050126,582.23,No pobre
505,Costa,Rural,5,48,Primaria,Inactivo,No,No,216.8042332228392,260.05,Pobre
506,Costa,Urbana,4,37,Primaria,Formal,No,Sí,109.66473922414696,468,No pobre
507,Sierra,Urbana,5,21,Superior,Inactivo,Sí,No,37.82513715266739,707.42,No pobre
508,Sierra,Urbana,5,37,Secundaria,Formal,Sí,Sí,91.42638133639554,536.39,No pobre
509,Amazonia,Urbana,6,75,Primaria,Formal,Sí,No,62.05470475156321,382.81,No pobre
510,Costa,Urbana,4,38,Primaria,Formal,Sí,Sí,76.75408746685386,447.56,No pobre
511,Sierra,Urbana,2,34,Primaria,Desempleado,No,No,66.8771942219018,172.67,Pobre
512,Costa,Rural,3,55,Primaria,Formal,No,No,106.0918440072224,452.92,No pobre
513,Sierra,Rural,2,52,Secundaria,Inactivo,No,Sí,54.5755712625222,535.08,No pobre
514,Costa,Urbana,3,57,Primaria,Formal,Sí,No,107.85507657620725,853.91,No pobre
515,Sierra,Urbana,5,42,Superior,Inactivo,Sí,No,259.30069888406246,799.83,No pobre
516,Costa,Urbana,4,62,Secundaria,Informal,Sí,Sí,53.36250320713578,786.3,No pobre
517,Costa,Urbana,4,30,Primaria,Informal,No,Sí,19.593465995423255,324.11,No pobre
518,Sierra,Urbana,4,45,Superior,Formal,No,Sí,179.90407482801865,860.46,No pobre
519,Costa,Urbana,4,36,Secundaria,Formal,Sí,No,68.7321420026363,836.82,No pobre
520,Sierra,Urbana,3,56,Primaria,Informal,Sí,No,51.32517532553226,584.41,No pobre
521,Costa,Rural,5,48,Secundaria,Informal,Sí,Sí,71.33110421505279,611.69,No pobre
522,Costa,Urbana,4,62,Primaria,Formal,No,Sí,30.86728192276971,211.96,Pobre
523,Costa,Rural,5,75,Secundaria,Formal,No,No,22.908156447708283,607.19,No pobre
524,Costa,Urbana,2,48,Superior,Formal,Sí,No,302.25608047718254,1051.62,No pobre
525,Sierra,Rural,3,39,Secundaria,Formal,Sí,Sí,49.128497486139416,685.94,No pobre
526,Sierra,Urbana,7,34,Superior,Formal,Sí,Sí,30.51836058789356,644.21,No pobre
527,Amazonia,Urbana,3,42,Secundaria,Formal,Sí,NA,9.499420442223833,894.06,No pobre
528,Costa,Urbana,2,45,Primaria,Inactivo,No,Sí,15.208977827088166,323.67,No pobre
529,Insular,Urbana,4,74,Secundaria,Informal,Sí,No,37.51858497116952,983.08,No pobre
530,Costa,Urbana,7,30,Superior,Formal,No,No,11.516718108159319,893.43,No pobre
531,Amazonia,Rural,6,31,Primaria,Formal,Sí,Sí,99.48836599351858,233.81,Pobre
532,Sierra,Rural,4,40,Primaria,NA,Sí,Sí,171.17259682517917,584.67,No pobre
533,Costa,Rural,5,54,Primaria,Desempleado,Sí,No,136.05293582566472,35.08,Pobre
534,Sierra,Urbana,4,57,Superior,Formal,No,No,85.88443740433702,1073.74,No pobre
535,Costa,Urbana,7,33,Primaria,Informal,No,No,NA,95.21,Pobre
536,Sierra,Urbana,2,48,Superior,Inactivo,No,Sí,27.959578019906242,583.27,No pobre
537,Costa,Urbana,4,45,Primaria,Informal,No,No,92.91574972883878,303.32,Pobre
538,Sierra,Urbana,5,63,Primaria,Inactivo,Sí,No,53.673985553520424,330.18,No pobre
539,Sierra,Rural,6,61,Superior,Informal,Sí,Sí,NA,1072.37,No pobre
540,Costa,Urbana,6,42,Primaria,Informal,Sí,No,33.47303875472453,250.3,Pobre
541,Sierra,Urbana,5,47,Secundaria,Informal,Sí,Sí,92.04452421244903,727.75,No pobre
542,Costa,Rural,2,55,Secundaria,Inactivo,No,Sí,116.17161195508922,157.39,Pobre
543,Sierra,Urbana,5,23,Secundaria,Informal,Sí,No,121.58405646177273,497.66,No pobre
544,Costa,Urbana,5,42,Primaria,Inactivo,No,No,106.37530231744661,164.11,Pobre
545,Sierra,Urbana,5,54,Primaria,Informal,Sí,Sí,24.48537231002723,299.14,Pobre
546,Amazonia,Urbana,6,39,Secundaria,Informal,Sí,No,100.91318062170137,539.96,No pobre
547,Costa,Urbana,3,45,Primaria,Informal,Sí,Sí,252.6176649127591,443.88,No pobre
548,Sierra,Urbana,7,46,Secundaria,Formal,Sí,Sí,5.862933406148725,490.57,No pobre
549,Sierra,Urbana,4,36,Secundaria,Informal,No,No,NA,777.55,No pobre
550,Costa,Rural,2,32,Secundaria,Inactivo,Sí,No,56.12435455859802,448.17,No pobre
551,Costa,Rural,4,43,Superior,Formal,Sí,Sí,35.46197957814415,753.77,No pobre
552,Costa,Urbana,2,41,Primaria,Formal,Sí,No,47.01188181348917,633.95,No pobre
553,Sierra,Urbana,4,58,Superior,Inactivo,No,No,288.97148162887964,700.44,No pobre
554,Amazonia,Urbana,3,67,Secundaria,Inactivo,No,NA,11.282828941276847,640.84,No pobre
555,Sierra,Urbana,6,46,Primaria,Informal,Sí,No,102.48574968232425,474.11,No pobre
556,Sierra,Urbana,4,52,Secundaria,Formal,Sí,No,145.81417563221166,484.92,No pobre
557,Sierra,Rural,4,NA,Primaria,Informal,Sí,Sí,238.03819853640047,555.57,No pobre
558,Sierra,Urbana,2,54,Superior,Informal,No,No,27.348369326591882,801.8,No pobre
559,Sierra,Urbana,4,49,Secundaria,Informal,No,Sí,77.70358631627104,628.11,No pobre
560,Costa,Rural,3,49,Secundaria,Informal,Sí,No,50.570026381897385,571.67,No pobre
561,Costa,Rural,3,62,Secundaria,NA,Sí,No,55.75460089884831,611.57,No pobre
562,Amazonia,Urbana,6,32,Superior,Informal,Sí,Sí,84.50625732459925,780.75,No pobre
563,Sierra,Rural,4,66,Primaria,Informal,Sí,Sí,33.39965878974328,115.15,Pobre
564,Costa,Urbana,4,51,Primaria,Informal,No,Sí,78.80233172724536,599.66,No pobre
565,Sierra,Urbana,4,49,Superior,Informal,Sí,No,133.58322384859136,993.71,No pobre
566,Sierra,Urbana,6,38,Secundaria,Informal,Sí,No,57.81620009543735,775.36,No pobre
567,Costa,Urbana,1,44,Secundaria,Informal,No,No,165.4161391245676,915.77,No pobre
568,Sierra,Rural,3,51,Secundaria,Formal,Sí,Sí,13.70018476781764,748.1,No pobre
569,Sierra,Urbana,2,18,Secundaria,Informal,Sí,Sí,102.704875145236,826.78,No pobre
570,Amazonia,Rural,6,38,Primaria,Formal,No,Sí,65.87890895274762,414.39,No pobre
571,Sierra,Urbana,4,54,Superior,Desempleado,Sí,No,95.49335391450678,663.82,No pobre
572,Amazonia,Urbana,4,42,Superior,Formal,Sí,Sí,101.21781034443472,792.72,No pobre
573,Sierra,Rural,3,35,Primaria,Desempleado,Sí,Sí,20.840014155867696,98.92,Pobre
574,Costa,Urbana,4,37,Primaria,Inactivo,Sí,Sí,86.29386196885811,35.2,Pobre
575,Amazonia,Urbana,2,49,Secundaria,Desempleado,Sí,Sí,27.143476060688222,453.01,No pobre
576,Sierra,Rural,1,23,Superior,Informal,No,No,116.64630848447385,912.12,No pobre
577,Costa,Urbana,1,58,Superior,Inactivo,Sí,No,139.80901197282864,873.81,No pobre
578,Costa,Urbana,2,18,Superior,Formal,Sí,Sí,88.982021490595,950.98,No pobre
579,Sierra,Urbana,3,39,Primaria,Formal,No,No,8.233341693722231,458.31,No pobre
580,Sierra,Urbana,5,35,Primaria,Formal,Sí,Sí,159.66033431272024,754.33,No pobre
581,Sierra,Urbana,5,29,Primaria,Informal,Sí,No,100.7293989998914,230.46,Pobre
582,Sierra,Urbana,2,31,Primaria,Informal,Sí,Sí,121.16511279036958,544.94,No pobre
583,Sierra,Urbana,7,50,Primaria,Informal,Sí,No,7.841752425034315,136.55,Pobre
584,Costa,Urbana,2,44,Primaria,Formal,Sí,Sí,65.88587589178687,643.96,No pobre
585,Sierra,Rural,4,42,Primaria,Informal,No,Sí,40.763068470522704,282.08,Pobre
586,Costa,Urbana,4,18,Secundaria,Informal,Sí,No,41.656707686909805,615.18,No pobre
587,Costa,Urbana,7,27,Primaria,Inactivo,Sí,Sí,91.94726272857253,30,Pobre
588,Sierra,Urbana,6,44,Primaria,Formal,Sí,Sí,19.01656498614183,566.09,No pobre
589,Amazonia,Urbana,4,34,Primaria,Formal,Sí,No,43.88832822802023,595.43,No pobre
590,Sierra,Urbana,3,35,Superior,Formal,No,Sí,23.66433157402496,939.06,No pobre
591,Sierra,Rural,4,61,Secundaria,Inactivo,Sí,Sí,89.97314606039807,265.47,Pobre
592,Costa,Rural,5,48,Secundaria,Formal,Sí,Sí,NA,704.06,No pobre
593,Amazonia,Urbana,4,31,Secundaria,Formal,Sí,Sí,159.49477911415596,899.93,No pobre
594,Costa,Urbana,2,39,Primaria,NA,Sí,Sí,38.743596660766954,542.19,No pobre
595,Costa,Urbana,2,42,Secundaria,Informal,Sí,No,NA,730.88,No pobre
596,Amazonia,Urbana,6,36,Secundaria,Formal,Sí,No,18.327664634761035,501.37,No pobre
597,Sierra,Urbana,4,33,Primaria,Formal,Sí,Sí,7.671678329152849,604.37,No pobre
598,Costa,Urbana,5,45,Secundaria,Informal,No,Sí,106.2634172520672,510.88,No pobre
599,Amazonia,Rural,6,56,Secundaria,Formal,Sí,No,174.63369402976807,727.91,No pobre
600,Costa,Urbana,3,49,Secundaria,Informal,Sí,No,328.76949203826047,832.79,No pobre
601,Costa,Urbana,3,43,Primaria,Informal,No,No,92.97285612334699,265.26,Pobre
602,Sierra,Urbana,4,51,Secundaria,Inactivo,Sí,No,183.20874288003327,568.16,No pobre
603,Costa,Urbana,3,57,Secundaria,Desempleado,No,No,68.4872151481276,415.36,No pobre
604,Costa,Rural,6,44,Secundaria,Formal,No,Sí,115.56542860837733,915.17,No pobre
605,Costa,Rural,2,52,Secundaria,Inactivo,No,No,22.53226999867113,418.61,No pobre
606,Sierra,Urbana,2,30,Primaria,Desempleado,Sí,NA,47.92000424703257,30,Pobre
607,Costa,Rural,4,43,Superior,Formal,Sí,No,87.0228127989073,1308.46,No pobre
608,Sierra,Urbana,2,40,Primaria,Inactivo,No,No,109.54561554344951,239.78,Pobre
609,Costa,Urbana,5,49,Primaria,Informal,Sí,Sí,55.237651396804914,517.28,No pobre
610,Costa,Urbana,4,51,Primaria,Formal,Sí,NA,90.71786747002683,502.92,No pobre
611,Sierra,Urbana,5,44,Secundaria,Informal,No,No,92.07015396417748,617.64,No pobre
612,Costa,Rural,3,35,Primaria,Informal,Sí,No,5.593726927242744,191.57,Pobre
613,Costa,Urbana,2,33,Secundaria,Inactivo,Sí,Sí,51.771244496424714,424.58,No pobre
614,Insular,Rural,3,50,Secundaria,Formal,Sí,Sí,100.1045024559353,987.42,No pobre
615,Sierra,Rural,4,65,Primaria,Formal,Sí,No,40.269410077510265,520.68,No pobre
616,Sierra,Urbana,5,NA,Superior,Informal,Sí,No,14.035882512785085,660.9,No pobre
617,Amazonia,Urbana,2,41,Secundaria,Formal,Sí,Sí,5.691079509484643,794.84,No pobre
618,Sierra,Urbana,4,51,Primaria,Inactivo,No,Sí,42.983515669485946,164.52,Pobre
619,Amazonia,Urbana,4,38,Primaria,Inactivo,Sí,Sí,253.83700172398673,275.81,Pobre
620,Costa,Urbana,7,48,Superior,Desempleado,No,Sí,21.006112064096193,492.67,No pobre
621,Amazonia,Urbana,6,45,Secundaria,Formal,Sí,Sí,252.18835348004555,706.27,No pobre
622,Sierra,Urbana,2,35,Secundaria,Inactivo,No,Sí,33.410514903712304,677.32,No pobre
623,Sierra,Urbana,3,58,Secundaria,Informal,Sí,Sí,51.56644928103946,764.66,No pobre
624,Costa,Rural,5,58,Secundaria,Informal,Sí,Sí,17.184638101546746,649.85,No pobre
625,Costa,Urbana,5,60,Primaria,Formal,Sí,Sí,65.96265475367152,551.83,No pobre
626,Costa,Rural,4,64,Superior,Formal,No,No,140.89400374682933,976.53,No pobre
627,Costa,Urbana,3,39,Primaria,Inactivo,Sí,Sí,51.21298109110845,409.59,No pobre
628,Sierra,Urbana,2,39,Secundaria,Informal,No,No,84.125349656214,658.07,No pobre
629,Costa,Urbana,3,50,Superior,Formal,No,Sí,36.840996152726625,958.92,No pobre
630,Costa,Rural,1,NA,Secundaria,Formal,No,No,1.361043525997854,916.21,No pobre
631,Sierra,Rural,5,41,Secundaria,Inactivo,Sí,No,104.77119765749337,338.34,No pobre
632,Sierra,Urbana,5,40,Superior,Formal,Sí,Sí,30.544017891783987,845.74,No pobre
633,Costa,Urbana,3,37,Primaria,Informal,Sí,Sí,42.62490524464486,309.4,Pobre
634,Sierra,Urbana,4,67,Primaria,Formal,No,Sí,134.90777362088306,661.95,No pobre
635,Costa,Rural,1,18,Secundaria,Informal,Sí,Sí,NA,447.99,No pobre
636,Costa,Rural,2,44,Secundaria,Inactivo,Sí,Sí,18.81830061186227,276.66,Pobre
637,Amazonia,Urbana,6,47,Secundaria,Formal,Sí,Sí,245.17549025669462,765.62,No pobre
638,Sierra,Urbana,4,31,Primaria,Desempleado,No,Sí,10.935957632560916,236.31,Pobre
639,Sierra,Urbana,4,51,Superior,Inactivo,Sí,No,134.91347027446196,878.07,No pobre
640,Costa,Rural,4,18,Secundaria,Formal,Sí,Sí,174.6927823823131,609.02,No pobre
641,Sierra,Urbana,3,59,Primaria,Informal,No,No,113.09491501468408,378.3,No pobre
642,Sierra,Rural,7,23,Secundaria,Inactivo,Sí,No,47.23061470992048,146.86,Pobre
643,Amazonia,Rural,1,18,Secundaria,Informal,Sí,Sí,45.09360895092453,449.5,No pobre
644,Costa,Rural,2,35,Primaria,Informal,Sí,No,64.95376850598116,441.55,No pobre
645,Costa,Urbana,8,48,Secundaria,Informal,Sí,No,46.63978233541391,329.41,No pobre
646,Sierra,Rural,5,37,Primaria,Informal,No,No,180.88217237182258,135.45,Pobre
647,Sierra,Rural,11,38,Secundaria,Formal,Sí,Sí,179.77621975510098,413.92,No pobre
648,Costa,Rural,3,51,Primaria,Inactivo,Sí,Sí,117.94050157890399,353.44,No pobre
649,Costa,Urbana,4,31,Superior,NA,Sí,Sí,32.842143183958044,845.38,No pobre
650,Sierra,Urbana,2,45,Secundaria,Desempleado,No,No,68.87818361777357,507.39,No pobre
651,Sierra,Urbana,5,53,Superior,Formal,Sí,No,4.953142173544518,990.4,No pobre
652,Amazonia,Rural,6,69,Primaria,Inactivo,No,Sí,17.46320406664516,30,Pobre
653,Sierra,Urbana,6,53,Secundaria,Desempleado,No,No,41.38876687548318,424.26,No pobre
654,Sierra,Urbana,1,70,Primaria,Formal,Sí,Sí,85.94079746101256,1002.89,No pobre
655,Sierra,Urbana,3,52,Primaria,Informal,No,Sí,70.50989276274993,403.49,No pobre
656,Sierra,Urbana,4,46,Secundaria,Inactivo,Sí,Sí,54.378799482862455,413.26,No pobre
657,Amazonia,Urbana,3,18,Primaria,Inactivo,No,Sí,576.4377265242699,463.46,No pobre
658,Costa,Rural,5,29,Secundaria,Inactivo,No,Sí,54.821783350717176,385.86,No pobre
659,Sierra,Urbana,1,42,Superior,Formal,Sí,Sí,59.107972561788905,1118.22,No pobre
660,Costa,Rural,5,56,Primaria,Inactivo,Sí,Sí,38.440730807729906,243.01,Pobre
661,Sierra,Rural,3,41,Secundaria,Formal,Sí,No,108.60833874490103,801.35,No pobre
662,Sierra,Urbana,3,54,Secundaria,Informal,Sí,No,48.06048242405574,791.1,No pobre
663,Costa,Urbana,5,31,Secundaria,Informal,Sí,Sí,56.28745614860223,864.88,No pobre
664,Sierra,Urbana,2,42,Secundaria,Formal,Sí,No,47.54866819175985,810.86,No pobre
665,Costa,Rural,3,49,Secundaria,Formal,Sí,Sí,147.94338549490274,819.3,No pobre
666,Costa,Urbana,5,41,Primaria,Informal,No,No,179.55894434923707,352.97,No pobre
667,Amazonia,Rural,3,48,Secundaria,Inactivo,Sí,No,NA,253.12,Pobre
668,Costa,Urbana,4,37,Secundaria,Informal,Sí,Sí,21.011488840144782,498.71,No pobre
669,Sierra,Urbana,4,51,Secundaria,Desempleado,No,No,18.42399593128266,353.51,No pobre
670,Costa,Urbana,2,NA,Primaria,Informal,Sí,No,34.0155136765088,305.29,Pobre
671,Costa,Urbana,1,NA,Secundaria,Informal,Sí,Sí,58.7743793051946,540.79,No pobre
672,Sierra,Urbana,2,19,Secundaria,Formal,Sí,No,127.44261150673599,869.78,No pobre
673,Costa,Urbana,5,37,Superior,Formal,No,No,51.10903487400589,877.07,No pobre
674,Costa,Rural,2,25,Secundaria,Informal,Sí,No,135.25979218689497,466.69,No pobre
675,Costa,Urbana,2,24,Primaria,Informal,Sí,Sí,58.898842392887886,366.04,No pobre
676,Sierra,Urbana,1,39,Superior,Formal,Sí,Sí,109.02922429521334,1068.25,No pobre
677,Sierra,Urbana,3,44,Superior,Formal,No,Sí,42.238700142660704,1031.86,No pobre
678,Costa,Urbana,6,50,Primaria,Formal,Sí,Sí,73.78508971546398,341.8,No pobre
679,Costa,Urbana,3,61,Primaria,NA,Sí,No,59.06951066554084,761.42,No pobre
680,Costa,Urbana,4,52,Secundaria,Informal,Sí,No,8.15926663839119,569.08,No pobre
681,Sierra,Urbana,3,60,Secundaria,Formal,No,Sí,40.175286926559615,1039.07,No pobre
682,Sierra,Urbana,3,39,Secundaria,Informal,Sí,Sí,45.5473595371244,866.06,No pobre
683,Sierra,Rural,7,42,Secundaria,Inactivo,Sí,Sí,107.67041704953041,264.89,Pobre
684,Amazonia,Urbana,7,61,Secundaria,Formal,Sí,No,17.172741595921753,644.52,No pobre
685,Amazonia,Urbana,3,46,Primaria,Inactivo,Sí,NA,19.903744414707987,410.25,No pobre
686,Sierra,Urbana,5,22,Secundaria,Formal,Sí,No,118.43556347019712,660.2,No pobre
687,Sierra,Urbana,3,34,Secundaria,Formal,No,Sí,37.109539717787214,656.03,No pobre
688,Costa,Urbana,7,60,Secundaria,Formal,Sí,No,114.1187678932044,982.68,No pobre
689,Sierra,Rural,2,37,Primaria,Formal,Sí,Sí,54.570098890211945,334.33,No pobre
690,Costa,Rural,9,51,Superior,Informal,Sí,No,74.96081782394637,505.05,No pobre
691,Costa,Urbana,3,46,Primaria,Formal,Sí,Sí,45.063057430458514,524.89,No pobre
692,Sierra,Urbana,3,39,Primaria,Informal,Sí,No,67.34565310673945,318.72,No pobre
693,Sierra,Urbana,2,41,Primaria,Formal,No,Sí,8.204119661246843,522.16,No pobre
694,Costa,Rural,4,51,Primaria,Formal,No,Sí,100.40463391336522,689.46,No pobre
695,Costa,Rural,5,49,Primaria,Formal,No,Sí,95.17057641146195,523.98,No pobre
696,Sierra,Rural,9,63,Secundaria,Formal,No,Sí,77.42265143543362,428.14,No pobre
697,Costa,Rural,2,43,Secundaria,Inactivo,No,Sí,37.14166446135183,467.51,No pobre
698,Costa,Urbana,6,33,Primaria,Formal,Sí,Sí,78.40308554434937,340.25,No pobre
699,Costa,Urbana,4,48,Secundaria,Inactivo,Sí,No,11.805350791139265,497.36,No pobre
700,Costa,Urbana,8,56,Secundaria,Desempleado,No,Sí,72.60418234905032,166.41,Pobre
701,Sierra,Rural,4,78,Primaria,Inactivo,Sí,Sí,NA,61.25,Pobre
702,Costa,Urbana,5,40,Primaria,Desempleado,Sí,Sí,38.46591975851235,30,Pobre
703,Costa,Urbana,2,41,Superior,Inactivo,No,Sí,135.34263539351696,695.22,No pobre
704,Sierra,Rural,4,58,Primaria,Informal,Sí,Sí,44.585919798255276,93.94,Pobre
705,Costa,Rural,3,64,Primaria,Formal,No,No,16.293859529682045,427.75,No pobre
706,Sierra,Rural,7,37,Superior,Inactivo,Sí,No,109.71847205351435,487.04,No pobre
707,Sierra,Urbana,5,55,Primaria,Formal,No,No,376.45965803017276,755.55,No pobre
708,Costa,Urbana,6,38,Secundaria,Inactivo,Sí,Sí,129.78370748171469,344.93,No pobre
709,Costa,Rural,6,33,Superior,Informal,Sí,Sí,13.634653427838582,446.15,No pobre
710,Costa,Urbana,3,55,Secundaria,Formal,Sí,Sí,106.94100326684432,1000.15,No pobre
711,Sierra,Urbana,8,47,Superior,Informal,Sí,No,260.0605959882157,816.93,No pobre
712,Sierra,Urbana,4,51,Primaria,Formal,Sí,Sí,77.2517706612661,694.2,No pobre
713,Sierra,Urbana,4,38,Secundaria,Informal,No,No,195.36129228201554,664.37,No pobre
714,Sierra,Rural,3,71,Superior,Desempleado,No,Sí,124.20214798082989,605.8,No pobre
715,Sierra,Urbana,2,55,Primaria,Informal,Sí,Sí,45.491964198447825,417.39,No pobre
716,Costa,Rural,6,41,Primaria,Inactivo,Sí,No,74.25353559875354,332.68,No pobre
717,Costa,Urbana,3,56,Secundaria,Informal,No,Sí,73.6511203674285,676.44,No pobre
718,Costa,Urbana,3,29,Primaria,Formal,Sí,Sí,NA,471.95,No pobre
719,Insular,Rural,5,44,Primaria,Formal,No,Sí,142.24107231024118,700.62,No pobre
720,Costa,Urbana,4,66,Primaria,Formal,Sí,No,15.056684492969318,830.16,No pobre
721,Costa,Rural,8,43,Primaria,Informal,Sí,Sí,34.062775714943726,30,Pobre
722,Sierra,Urbana,2,59,Primaria,Informal,Sí,Sí,1.8321995011740715,574.45,No pobre
723,Sierra,Urbana,4,43,Primaria,Informal,Sí,Sí,NA,357.03,No pobre
724,Sierra,Urbana,6,NA,Primaria,Inactivo,Sí,No,245.33516382844385,153.54,Pobre
725,Sierra,Urbana,6,34,Secundaria,Formal,Sí,Sí,44.11981659610955,677.52,No pobre
726,Sierra,Rural,6,49,Primaria,Inactivo,Sí,No,81.02678768790096,30,Pobre
727,Sierra,Urbana,5,66,Superior,Formal,Sí,Sí,84.1388197696428,1227.05,No pobre
728,Sierra,Urbana,2,38,Secundaria,Desempleado,Sí,No,76.53863296205229,566.73,No pobre
729,Sierra,Urbana,2,50,Primaria,Informal,No,No,151.60311426695378,531.96,No pobre
730,Costa,Urbana,2,32,Superior,NA,Sí,No,25.323742766354467,947.17,No pobre
731,Costa,Rural,4,32,Secundaria,Inactivo,Sí,Sí,94.21410133455723,160.44,Pobre
732,Sierra,Urbana,5,35,Primaria,NA,Sí,Sí,1.6281986425741801,208.89,Pobre
733,Sierra,Urbana,6,65,Primaria,Informal,Sí,Sí,5.927586080405261,211.39,Pobre
734,Amazonia,Rural,4,NA,Primaria,Informal,Sí,Sí,85.64397108263692,227.2,Pobre
735,Costa,Rural,5,54,Primaria,Formal,Sí,Sí,158.34185537035626,547.61,No pobre
736,Costa,Urbana,4,62,Superior,NA,No,No,7.289493571504433,588.68,No pobre
737,Sierra,Urbana,5,40,Superior,Desempleado,No,No,80.69918596701065,646.88,No pobre
738,Insular,Rural,5,57,Primaria,Formal,Sí,Sí,17.458305975689555,621.92,No pobre
739,Costa,Rural,5,49,Secundaria,Informal,Sí,Sí,138.57520124032894,591.93,No pobre
740,Costa,Rural,6,31,Secundaria,Informal,Sí,No,90.4348452694804,617.9,No pobre
741,Insular,Urbana,3,34,Superior,Formal,No,Sí,233.40430722491155,1267.5,No pobre
742,Costa,Rural,2,47,Secundaria,Informal,Sí,Sí,140.08043078266113,658.76,No pobre
743,Costa,Urbana,2,49,Secundaria,Informal,Sí,Sí,142.64619770339934,625.13,No pobre
744,Sierra,Urbana,1,42,Secundaria,Formal,No,Sí,228.52783455097742,939.64,No pobre
745,Costa,Urbana,6,32,Primaria,Formal,No,No,130.72933662032048,502.55,No pobre
746,Sierra,Urbana,5,18,Secundaria,Informal,Sí,Sí,19.413387152415766,547.22,No pobre
747,Sierra,Rural,2,52,Secundaria,Inactivo,No,No,32.71014223595101,294.46,Pobre
748,Costa,Rural,2,42,Secundaria,Informal,Sí,No,168.05677561518962,760.24,No pobre
749,Sierra,Rural,2,54,Secundaria,Informal,No,Sí,87.54455970183378,699.74,No pobre
750,Amazonia,Urbana,4,24,Secundaria,Informal,No,No,76.4197111666907,393.68,No pobre
751,Costa,Rural,5,28,Primaria,Informal,No,No,76.79434196720406,207.53,Pobre
752,Costa,Rural,2,44,Primaria,Informal,Sí,No,11.697695217406542,413.4,No pobre
753,Costa,Rural,2,26,Primaria,Formal,Sí,Sí,163.3333701416028,541.31,No pobre
754,Costa,Urbana,4,18,Secundaria,Formal,Sí,Sí,49.71642226235336,823.35,No pobre
755,Sierra,Rural,3,57,Primaria,Formal,Sí,No,138.18183107881902,562.19,No pobre
756,Sierra,Urbana,4,59,Primaria,Informal,No,Sí,20.069983359416547,217.1,Pobre
757,Sierra,Rural,2,32,Secundaria,Inactivo,Sí,Sí,39.00691172841933,320.17,No pobre
758,Amazonia,Urbana,7,42,Secundaria,Informal,No,Sí,86.47362655164709,554.93,No pobre
759,Costa,Urbana,5,30,Secundaria,Inactivo,Sí,Sí,122.39255823159013,592.55,No pobre
760,Costa,Rural,4,50,Primaria,NA,Sí,No,101.8549644726672,86.96,Pobre
761,Sierra,Rural,5,46,Secundaria,Inactivo,Sí,Sí,4.208736457805642,535.11,No pobre
762,Costa,Urbana,3,34,Primaria,Informal,No,Sí,25.973472553190554,414.58,No pobre
763,Sierra,Urbana,5,35,Secundaria,Informal,Sí,Sí,45.167396616395195,562.15,No pobre
764,Sierra,Urbana,3,31,Superior,Informal,Sí,No,88.64640649496579,967.97,No pobre
765,Sierra,Urbana,5,52,Primaria,Formal,Sí,No,84.6150846822055,588.27,No pobre
766,Costa,Rural,3,54,Primaria,Formal,Sí,Sí,3.553743921079783,593.8,No pobre
767,Costa,Rural,5,51,Primaria,Informal,Sí,NA,79.81488517355115,356.9,No pobre
768,Costa,Urbana,3,34,Secundaria,Formal,No,No,45.798824269455324,822.04,No pobre
769,Sierra,Rural,5,21,Secundaria,Formal,Sí,No,130.66707901857717,669.59,No pobre
770,Sierra,Rural,4,53,Primaria,Informal,No,Sí,81.92330791290715,413.2,No pobre
771,Amazonia,Urbana,1,44,Primaria,Inactivo,Sí,No,91.12234001334441,261.95,Pobre
772,Sierra,Urbana,3,45,Primaria,Inactivo,No,No,16.757063420790224,196.42,Pobre
773,Sierra,Urbana,4,60,Primaria,Formal,No,Sí,68.17795518277985,596.31,No pobre
774,Sierra,Urbana,3,33,Primaria,Informal,Sí,Sí,169.71141200314625,462.59,No pobre
775,Costa,Urbana,4,62,Primaria,Formal,Sí,Sí,52.12944002671699,637.1,No pobre
776,Costa,Urbana,6,40,Superior,Formal,Sí,No,29.95927622066812,863.82,No pobre
777,Costa,Urbana,5,36,Superior,Formal,Sí,Sí,45.33209141049209,977.34,No pobre
778,Costa,Urbana,2,43,Superior,Formal,No,Sí,80.66188771638498,1064.39,No pobre
779,Sierra,Urbana,2,51,Secundaria,Formal,Sí,Sí,216.4838212141773,774.42,No pobre
780,Sierra,Urbana,3,43,Primaria,Inactivo,Sí,No,113.57204224226062,280.07,Pobre
781,Costa,Urbana,3,33,Secundaria,Informal,No,Sí,52.76461311467088,769.08,No pobre
782,Sierra,Urbana,5,42,Secundaria,Inactivo,No,No,81.60881316526627,338.21,No pobre
783,Costa,Rural,2,18,Primaria,Informal,Sí,Sí,39.008212429902244,414.77,No pobre
784,Sierra,Urbana,8,39,Superior,NA,Sí,Sí,39.6456698166768,422.13,No pobre
785,Sierra,Urbana,6,52,Secundaria,Desempleado,Sí,No,80.40009579428401,445.86,No pobre
786,Sierra,Urbana,4,44,Primaria,Informal,Sí,Sí,27.583514119148106,308.28,Pobre
787,Costa,Rural,6,56,Secundaria,Formal,No,No,193.2311214461682,673.86,No pobre
788,Costa,Urbana,1,53,Secundaria,Formal,Sí,Sí,137.48174444179227,1128.01,No pobre
789,Costa,Urbana,5,55,Primaria,Informal,No,No,97.42098441958643,266.02,Pobre
790,Amazonia,Rural,6,55,Secundaria,Informal,Sí,No,65.44807128010933,268.13,Pobre
791,Amazonia,Urbana,2,22,Primaria,Informal,No,Sí,115.58186326801679,338.49,No pobre
792,Sierra,Urbana,4,46,Primaria,Informal,Sí,No,172.8491604820032,314.32,No pobre
793,Costa,Urbana,5,69,Superior,Informal,Sí,No,122.71809074453884,992.94,No pobre
794,Sierra,Rural,4,39,Secundaria,Formal,Sí,Sí,163.4695750709828,727.01,No pobre
795,Sierra,Urbana,6,52,Secundaria,Formal,Sí,Sí,37.42287364983311,473.11,No pobre
796,Costa,Urbana,3,48,Secundaria,Formal,No,Sí,46.51211381038204,908.48,No pobre
797,Costa,Urbana,4,54,Superior,Formal,No,Sí,93.91712652537407,1036.22,No pobre
798,Costa,Rural,5,42,Secundaria,Informal,No,No,183.98222528440652,486.22,No pobre
799,Costa,Urbana,3,37,Secundaria,Informal,Sí,Sí,226.3615313317306,786.01,No pobre
800,Costa,Urbana,6,47,Primaria,Desempleado,Sí,Sí,NA,186.42,Pobre
801,Sierra,Urbana,2,49,Secundaria,Informal,Sí,Sí,105.08468861914882,834.27,No pobre
802,Costa,Rural,4,43,Superior,Informal,Sí,Sí,130.4810338408971,774.96,No pobre
803,Costa,Urbana,3,46,Secundaria,Inactivo,Sí,Sí,77.01560804587008,615.38,No pobre
804,Costa,Urbana,2,52,Primaria,Inactivo,No,NA,55.84599392816079,229.63,Pobre
805,Costa,Urbana,5,35,Superior,Informal,No,No,121.86949929807814,682.49,No pobre
806,Amazonia,Urbana,4,NA,Secundaria,Formal,Sí,No,24.271066944018898,923.82,No pobre
807,Sierra,Rural,3,77,Primaria,Formal,No,Sí,106.31685948123524,737.01,No pobre
808,Sierra,Urbana,6,67,Primaria,Informal,Sí,Sí,53.41727330978574,305.02,Pobre
809,Sierra,Rural,4,40,Primaria,Formal,Sí,No,131.36722797938836,640.42,No pobre
810,Sierra,Urbana,7,20,Superior,Inactivo,Sí,Sí,NA,560.01,No pobre
811,Costa,Urbana,6,47,Secundaria,Formal,No,Sí,17.881865790571435,918.14,No pobre
812,Sierra,Urbana,3,58,Secundaria,Formal,No,No,104.68649722933787,887.59,No pobre
813,Costa,Rural,5,57,Superior,Informal,Sí,Sí,153.27631373197033,822.7,No pobre
814,Amazonia,Rural,6,NA,Secundaria,Informal,No,No,255.67391399282857,478.82,No pobre
815,Sierra,Urbana,6,30,Superior,Informal,No,Sí,116.92927648323038,782.8,No pobre
816,Costa,Urbana,2,48,Secundaria,Informal,Sí,No,451.6822015564155,1088.87,No pobre
817,Costa,Urbana,1,55,Secundaria,Informal,No,NA,7.189758161013448,525.29,No pobre
818,Costa,Urbana,9,58,Secundaria,Formal,No,No,111.54995271251083,900.31,No pobre
819,Sierra,Urbana,3,57,Secundaria,Formal,No,No,NA,758.18,No pobre
820,Sierra,Urbana,5,32,Secundaria,Informal,Sí,Sí,123.2175262881888,533.09,No pobre
821,Sierra,Rural,4,28,Superior,Inactivo,Sí,Sí,45.71540511129644,527.67,No pobre
822,Costa,Urbana,3,18,Secundaria,Informal,Sí,No,NA,503.5,No pobre
823,Sierra,Urbana,5,53,Primaria,Formal,No,No,231.13055948591582,741.99,No pobre
824,Insular,Rural,6,58,Superior,Formal,No,Sí,97.95073929135164,1086.03,No pobre
825,Sierra,Urbana,2,51,Secundaria,Inactivo,No,Sí,55.62281483213026,501.51,No pobre
826,Costa,Rural,3,31,Primaria,Formal,Sí,No,58.7371595704626,423.73,No pobre
827,Costa,Urbana,5,68,Primaria,Informal,Sí,No,39.83717399338114,402.88,No pobre
828,Costa,Rural,3,41,Secundaria,Formal,Sí,No,46.18710831056647,780.24,No pobre
829,Costa,Rural,4,71,Secundaria,Formal,Sí,No,97.29633666925862,948.12,No pobre
830,Sierra,Rural,3,54,Secundaria,Formal,Sí,Sí,123.72149263757775,1093.64,No pobre
831,Costa,Rural,4,63,Secundaria,Formal,No,Sí,89.55736224131967,929.43,No pobre
832,Sierra,Urbana,4,51,Primaria,Desempleado,Sí,Sí,192.935246286954,389.37,No pobre
833,Sierra,Rural,5,45,Primaria,Informal,Sí,NA,94.42037645144022,30,Pobre
834,Sierra,Urbana,5,32,Secundaria,Informal,Sí,Sí,74.17549068241453,553.81,No pobre
835,Sierra,Urbana,4,38,Primaria,Formal,Sí,Sí,110.93678607449533,544.72,No pobre
836,Sierra,Urbana,3,45,Secundaria,Formal,Sí,No,47.78910637222481,992.56,No pobre
837,Sierra,Urbana,6,50,Secundaria,Formal,Sí,NA,134.80664318634453,916.13,No pobre
838,Sierra,Urbana,4,46,Secundaria,Informal,Sí,Sí,33.08525547854378,635.73,No pobre
839,Costa,Rural,5,44,Superior,Inactivo,No,Sí,126.60986754829425,369.5,No pobre
840,Costa,Rural,6,49,Primaria,Informal,No,Sí,56.37452720644791,312.23,No pobre
841,Amazonia,Urbana,4,39,Superior,Inactivo,Sí,No,21.55685112558248,530.79,No pobre
842,Sierra,Urbana,3,38,Superior,Formal,Sí,Sí,139.1309245318995,1175.26,No pobre
843,Sierra,Urbana,6,26,Secundaria,Informal,Sí,No,196.12480937855202,413.72,No pobre
844,Costa,Rural,5,58,Primaria,Informal,Sí,Sí,29.62238131383655,186.84,Pobre
845,Sierra,Urbana,4,47,Secundaria,Formal,No,No,88.90836092075452,784.25,No pobre
846,Costa,Urbana,5,45,Primaria,Formal,No,Sí,120.653624480653,564.86,No pobre
847,Amazonia,Urbana,5,36,Primaria,Inactivo,Sí,No,19.265733385145978,30,Pobre
848,Costa,Urbana,3,NA,Superior,Informal,Sí,No,205.0538544865651,712.51,No pobre
849,Costa,Rural,3,31,Primaria,Formal,No,No,59.21234052909874,403.02,No pobre
850,Costa,Urbana,3,31,Superior,Formal,No,Sí,8.514565283605783,961.55,No pobre
851,Costa,Rural,7,19,Secundaria,Formal,No,No,43.47134162756505,506.71,No pobre
852,Sierra,Rural,3,60,Secundaria,Informal,No,No,NA,715.97,No pobre
853,Insular,Urbana,4,48,Secundaria,Informal,No,No,58.9605152501664,729.55,No pobre
854,Sierra,Urbana,1,30,Primaria,Formal,Sí,No,12.857515529802713,572.1,No pobre
855,Sierra,Urbana,5,62,Primaria,Formal,No,No,52.80317603122297,437.8,No pobre
856,Costa,Urbana,3,NA,Primaria,Informal,No,Sí,11.223966924531808,487.59,No pobre
857,Amazonia,Rural,4,56,Secundaria,Informal,No,No,143.66749893378827,401.47,No pobre
858,Costa,Urbana,7,43,Secundaria,Informal,Sí,Sí,7.944786954286154,553.56,No pobre
859,Costa,Urbana,3,40,Secundaria,Formal,Sí,No,44.547872263463866,977.5,No pobre
860,Amazonia,Rural,5,45,Superior,Formal,Sí,Sí,86.64467786134337,945.97,No pobre
861,Costa,Urbana,5,52,Primaria,Desempleado,No,No,48.131903095543706,35.58,Pobre
862,Costa,Rural,3,57,Primaria,Formal,No,Sí,56.510581884065815,671.68,No pobre
863,Sierra,Urbana,2,68,Secundaria,Desempleado,No,No,159.08914703290256,296.14,Pobre
864,Sierra,Rural,3,39,Secundaria,Formal,No,No,127.65247908143952,802.63,No pobre
865,Sierra,Urbana,5,32,Secundaria,Informal,No,Sí,136.84750758150946,830.5,No pobre
866,Costa,Urbana,5,47,Primaria,Informal,Sí,No,107.00120858885205,461.17,No pobre
867,Costa,Urbana,5,85,Secundaria,Formal,Sí,No,272.9040607753424,998.94,No pobre
868,Costa,Rural,7,40,Superior,Desempleado,Sí,Sí,201.41682918954612,399.66,No pobre
869,Sierra,Urbana,1,62,Secundaria,Informal,Sí,Sí,75.7727612485682,765.23,No pobre
870,Sierra,Urbana,3,43,Secundaria,Informal,Sí,Sí,104.95006414907778,946.84,No pobre
871,Costa,Urbana,4,39,Secundaria,Formal,Sí,No,38.89290049169069,934.02,No pobre
872,Costa,Rural,2,36,Primaria,Desempleado,No,Sí,15.790091006392341,184.71,Pobre
873,Sierra,Urbana,1,43,Primaria,Informal,No,Sí,68.39834427560841,653.73,No pobre
874,Sierra,Urbana,2,69,Primaria,Informal,No,NA,20.336504499913175,273.2,Pobre
875,Sierra,Urbana,5,50,Secundaria,Formal,Sí,Sí,47.05649687836721,741.8,No pobre
876,Sierra,Rural,6,53,Primaria,Informal,No,No,16.53774600271586,48.25,Pobre
877,Costa,Urbana,3,58,Primaria,Informal,Sí,No,63.61744926022496,415.91,No pobre
878,Sierra,Urbana,3,75,Primaria,Inactivo,Sí,Sí,7.8035631787881155,218.65,Pobre
879,Amazonia,Rural,3,57,Secundaria,Formal,No,Sí,113.17716206651976,856.67,No pobre
880,Sierra,Urbana,7,26,Primaria,Informal,No,Sí,54.715839108764946,216.02,Pobre
881,Costa,Rural,4,32,Primaria,Formal,Sí,No,65.6497280135579,325.74,No pobre
882,Amazonia,Urbana,5,24,Secundaria,Formal,Sí,No,86.3797851044989,534.87,No pobre
883,Sierra,Urbana,6,18,Primaria,Informal,No,Sí,18.912868074461556,83.83,Pobre
884,Costa,Urbana,4,64,Secundaria,Formal,Sí,No,14.53385430960926,769.46,No pobre
885,Sierra,Urbana,3,39,Primaria,Formal,No,Sí,30.622937827479237,691.72,No pobre
886,Amazonia,Rural,7,52,Superior,Formal,Sí,No,81.20591502637835,721.78,No pobre
887,Costa,Urbana,5,63,Superior,Formal,No,No,5.1425448435875545,1024.13,No pobre
888,Costa,Urbana,1,39,Primaria,Desempleado,No,Sí,94.76860379843671,142.72,Pobre
889,Costa,Urbana,4,44,Primaria,Formal,Sí,Sí,28.88209119756743,596.22,No pobre
890,Costa,Urbana,6,51,Superior,Formal,Sí,Sí,2.3936869534815393,767.49,No pobre
891,Sierra,Urbana,2,49,Primaria,Formal,Sí,Sí,147.84053595300304,688.28,No pobre
892,Sierra,Rural,7,35,Superior,Informal,Sí,No,151.2384682501128,805.41,No pobre
893,Sierra,Urbana,1,56,Primaria,Informal,No,No,157.21715819065912,441.48,No pobre
894,Sierra,Rural,2,54,Secundaria,Informal,No,Sí,91.82134536694474,655.95,No pobre
895,Sierra,Rural,1,42,Primaria,Inactivo,No,Sí,348.65545472703786,136.33,Pobre
896,Sierra,Urbana,3,29,Primaria,Desempleado,Sí,No,109.5258824472533,216.25,Pobre
897,Costa,Urbana,5,55,Superior,Informal,No,Sí,82.25121095411578,928.29,No pobre
898,Costa,Rural,5,66,Superior,Formal,No,Sí,7.145019425735326,1038.17,No pobre
899,Costa,Urbana,4,65,Primaria,Informal,Sí,Sí,NA,471.35,No pobre
900,Sierra,Urbana,2,58,Primaria,Informal,No,Sí,50.488647675232286,710.26,No pobre
901,Amazonia,Urbana,8,39,Primaria,Inactivo,No,Sí,86.01062976609411,30,Pobre
902,Sierra,Urbana,4,39,Primaria,Formal,Sí,Sí,4.884792478556281,507.25,No pobre
903,Sierra,Urbana,5,38,Superior,Inactivo,Sí,Sí,56.42833125716209,560.77,No pobre
904,Sierra,Rural,3,40,Primaria,Formal,Sí,No,87.21872806046666,494.32,No pobre
905,Sierra,Urbana,5,56,Secundaria,Inactivo,No,Sí,52.54234569819461,496.01,No pobre
906,Sierra,Urbana,4,50,Superior,Informal,Sí,Sí,69.83342867023622,909.88,No pobre
907,Sierra,Urbana,6,20,Superior,Formal,Sí,Sí,79.4172915713922,877.13,No pobre
908,Amazonia,Rural,3,20,Primaria,Informal,Sí,NA,63.36092712053175,30,Pobre
909,Sierra,Urbana,3,46,Secundaria,Desempleado,Sí,Sí,0.999324022145762,379.19,No pobre
910,Costa,Urbana,5,48,Primaria,Formal,Sí,Sí,75.49364763139866,631.42,No pobre
911,Costa,Urbana,5,18,Superior,Informal,No,No,98.37126938080903,595.04,No pobre
912,Costa,Urbana,4,35,Primaria,Formal,No,Sí,81.67514282922882,597.93,No pobre
913,Sierra,Urbana,5,46,Secundaria,Inactivo,Sí,Sí,NA,326.19,No pobre
914,Sierra,Urbana,3,66,Secundaria,Informal,Sí,No,161.60169887113608,727.91,No pobre
915,Costa,Urbana,6,18,Secundaria,Desempleado,No,Sí,36.77072674223175,167.57,Pobre
916,Amazonia,Urbana,4,28,Primaria,Inactivo,Sí,Sí,61.97460543576827,115.09,Pobre
917,Sierra,Urbana,5,31,Superior,Formal,No,Sí,4.823336296654133,990.8,No pobre
918,Sierra,Rural,5,48,Secundaria,Inactivo,Sí,Sí,98.57456139618638,278.13,Pobre
919,Costa,Rural,5,51,Superior,Formal,No,Sí,184.18273465254467,1104.19,No pobre
920,Costa,Urbana,5,42,Secundaria,Desempleado,Sí,No,62.639467462548396,450.99,No pobre
921,Sierra,Rural,2,23,Primaria,Formal,No,No,23.115350605364416,634.75,No pobre
922,Costa,Urbana,4,37,Primaria,Formal,No,Sí,126.44685780877455,494.42,No pobre
923,Costa,Rural,5,38,Primaria,NA,Sí,No,225.30552326983948,69.92,Pobre
924,Sierra,Urbana,3,43,Primaria,Informal,Sí,No,8.75031324665591,516.37,No pobre
925,Sierra,Urbana,5,69,Primaria,Informal,No,Sí,72.02790443532892,353.63,No pobre
926,Sierra,Urbana,2,37,Primaria,Informal,Sí,No,15.354505461170811,379.62,No pobre
927,Costa,Urbana,5,NA,Superior,Inactivo,No,Sí,105.98008149142507,603.25,No pobre
928,Sierra,Urbana,7,36,Superior,Formal,Sí,Sí,12.904547834581498,832,No pobre
929,Costa,Urbana,5,29,Secundaria,Informal,Sí,Sí,86.32756345060373,559.21,No pobre
930,Sierra,Rural,5,55,Primaria,Inactivo,No,No,100.43776597560937,51.49,Pobre
931,Amazonia,Urbana,3,31,Secundaria,Desempleado,Sí,No,64.21665872160479,310.45,No pobre
932,Costa,Urbana,2,84,Primaria,Inactivo,No,No,129.5168330075479,480.07,No pobre
933,Sierra,Urbana,4,NA,Secundaria,Informal,Sí,Sí,52.480938381306274,709.95,No pobre
934,Sierra,Urbana,2,47,Secundaria,Formal,No,Sí,15.518838341784003,1025.1,No pobre
935,Amazonia,Urbana,5,45,Superior,Informal,No,No,63.579694492916616,607.13,No pobre
936,Costa,Urbana,3,72,Superior,Informal,No,Sí,81.91700776056668,969.52,No pobre
937,Sierra,Urbana,4,55,Secundaria,Formal,No,NA,4.780161018940995,955.81,No pobre
938,Sierra,Rural,3,42,Secundaria,Informal,No,No,189.74245000634588,543.24,No pobre
939,Sierra,Urbana,3,30,Primaria,Informal,Sí,No,64.879632113654,481.24,No pobre
940,Costa,Rural,4,31,Primaria,Informal,No,NA,67.9144497742646,83.61,Pobre
941,Amazonia,Urbana,3,35,Superior,Formal,Sí,No,177.39318326585337,1083.29,No pobre
942,Sierra,Urbana,6,63,Primaria,Informal,No,No,40.314845109033314,234.01,Pobre
943,Costa,Urbana,2,43,Secundaria,Formal,Sí,Sí,115.26746633809158,832.31,No pobre
944,Costa,Urbana,2,35,Primaria,Informal,Sí,No,5.86346120551999,505.31,No pobre
945,Costa,Urbana,2,57,Superior,Informal,Sí,Sí,18.186499486060445,885.35,No pobre
946,Costa,Rural,7,65,Primaria,Informal,No,No,153.24620362648488,145.49,Pobre
947,Costa,Urbana,4,36,Secundaria,Desempleado,Sí,Sí,50.34689264627526,341.63,No pobre
948,Costa,Urbana,5,40,Secundaria,Formal,Sí,No,76.61608613814556,690.49,No pobre
949,Costa,Rural,1,51,Superior,Informal,Sí,Sí,327.5939242152267,789.35,No pobre
950,Costa,Urbana,4,46,Superior,Formal,No,Sí,181.28827808297794,1228.69,No pobre
951,Sierra,Urbana,1,52,Primaria,Formal,No,Sí,75.47856293969076,677.46,No pobre
952,Costa,Rural,4,70,Secundaria,Formal,No,No,75.5183939114967,631.28,No pobre
953,Amazonia,Urbana,6,45,Secundaria,Inactivo,Sí,No,115.4767997890344,273.7,Pobre
954,Costa,Urbana,2,42,Secundaria,Informal,Sí,No,5.548996158534709,782.7,No pobre
955,Costa,Urbana,3,53,Primaria,Informal,No,Sí,40.823921501472526,402.07,No pobre
956,Amazonia,Urbana,6,45,Primaria,Informal,Sí,NA,134.95190252174373,518.24,No pobre
957,Sierra,Urbana,1,55,Superior,Formal,No,Sí,19.49105495237014,1105.13,No pobre
958,Costa,Rural,5,43,Superior,Informal,Sí,Sí,NA,834.01,No pobre
959,Costa,Urbana,4,52,Superior,Desempleado,Sí,No,254.1183655510347,877.81,No pobre
960,Costa,Urbana,2,24,Secundaria,Informal,Sí,No,1.44700016189438,257.03,Pobre
961,Sierra,Rural,6,46,Secundaria,Informal,Sí,No,359.69399246173776,725.95,No pobre
962,Costa,Urbana,2,39,Secundaria,Formal,Sí,No,62.20813240934137,771.52,No pobre
963,Sierra,Urbana,5,29,Superior,Informal,Sí,No,49.13327133456125,649.66,No pobre
964,Costa,Urbana,4,40,Primaria,Formal,Sí,Sí,123.4574243325512,630.61,No pobre
965,Amazonia,Urbana,5,51,Superior,Informal,No,No,23.497577270986366,841.02,No pobre
966,Sierra,Urbana,2,47,Primaria,Informal,Sí,No,126.193845662644,270.49,Pobre
967,Sierra,Urbana,6,56,Secundaria,Formal,Sí,Sí,17.461209816893792,867.22,No pobre
968,Costa,Urbana,1,59,Superior,Informal,No,Sí,NA,827.01,No pobre
969,Sierra,Rural,3,58,Primaria,Informal,Sí,Sí,176.0276906070806,256.96,Pobre
970,Sierra,Urbana,3,41,Superior,Informal,Sí,Sí,32.45494751440948,973.86,No pobre
971,Sierra,Urbana,5,27,Secundaria,Formal,Sí,Sí,89.61550440888927,684.64,No pobre
972,Costa,Rural,3,42,Superior,Informal,Sí,Sí,33.651053160755666,868.59,No pobre
973,Sierra,Urbana,3,62,Primaria,Informal,Sí,Sí,41.22852898475046,540.54,No pobre
974,Costa,Urbana,2,44,Secundaria,Informal,Sí,No,2.766627909889824,818.55,No pobre
975,Costa,Rural,4,23,Primaria,Formal,Sí,Sí,138.99737042322158,448.46,No pobre
976,Sierra,Urbana,4,53,Secundaria,Formal,No,No,23.979918107749125,843.47,No pobre
977,Amazonia,Urbana,8,50,Primaria,Inactivo,No,No,65.75884453643903,30,Pobre
978,Costa,Urbana,2,40,Primaria,Desempleado,Sí,Sí,145.45073794313345,348.67,No pobre
979,Costa,Rural,6,48,Primaria,Formal,No,Sí,115.01693881989657,425.79,No pobre
980,Costa,Urbana,1,65,Primaria,Formal,Sí,No,170.50083598440366,1022.2,No pobre
981,Costa,Rural,5,64,Superior,Informal,Sí,Sí,104.54770039493215,972.46,No pobre
982,Sierra,Urbana,3,40,Secundaria,Inactivo,No,NA,62.810360356720416,626.55,No pobre
983,Amazonia,Urbana,2,46,Secundaria,Informal,No,No,9.543121233545113,748.95,No pobre
984,Sierra,Urbana,2,26,Secundaria,Informal,No,Sí,77.51391480194985,942.7,No pobre
985,Amazonia,Urbana,3,36,Secundaria,Inactivo,Sí,No,45.38711371483123,445.08,No pobre
986,Sierra,Urbana,7,74,Superior,Informal,Sí,No,38.94932388840224,686.52,No pobre
987,Costa,Urbana,9,67,Primaria,Desempleado,Sí,Sí,NA,30,Pobre
988,Costa,Urbana,3,43,Secundaria,Inactivo,Sí,Sí,28.793460561412783,578.82,No pobre
989,Costa,Urbana,2,36,Secundaria,Informal,Sí,Sí,11.768984909618855,653.93,No pobre
990,Costa,Urbana,5,27,Secundaria,Informal,Sí,Sí,40.785659206932536,575.05,No pobre
991,Costa,Urbana,4,76,Superior,Formal,Sí,Sí,175.44545252669457,1204.39,No pobre
992,Costa,Urbana,3,48,Secundaria,Informal,Sí,No,7.7455748797688315,545.66,No pobre
993,Sierra,Rural,5,38,Secundaria,Formal,No,Sí,131.33919257190277,757.44,No pobre
994,Costa,Urbana,3,61,Primaria,Inactivo,Sí,Sí,20.419464413429864,251.36,Pobre
995,Sierra,Urbana,6,31,Secundaria,Informal,No,No,17.56052439957379,613.14,No pobre
996,Sierra,Rural,2,56,Superior,Informal,Sí,Sí,24.92435146053225,838.53,No pobre
997,Sierra,Urbana,6,66,Superior,Informal,Sí,Sí,62.21666067281473,751.68,No pobre
998,Costa,Rural,2,43,Superior,NA,No,NA,117.12356172665292,867.24,No pobre
999,Sierra,Urbana,4,66,Primaria,Desempleado,No,Sí,137.18607198791418,338.85,No pobre
1000,Costa,Urbana,5,55,Superior,Formal,Sí,No,95.4340611093318,982.4,No pobre
